sinhala_question,sinhala_answer
"මම විශ්‍රාම ගොස් මාස කීපයක් ගතවී ඇතත් මගේ විශ්‍රාම වැටුප මා හට ලැබී නැත.හේතුව කුමක්ද ?","විශ්‍රාම වැටුප් ගෙවීම ආරම්භ කිරීමට නම් ඔබ අවසන් වරට සේවය කරන ලද ආයතනය මඟින් මාර්ගගත පද්ධතිය හරහා විශ්‍රාම වැටුප් PD 03 අයදුම්පතක් විශ්‍රාම වැටුප් දෙපාර්තමේන්තුව වෙත යොමු කළ යුතුය.ඔබ විශ්‍රාම ගොස් මාස කීපයක් ගත වුවත් ඔබගේ විශ්‍රාම වැටුප් අයදුම්පත ආයතනය මඟින් මෙතෙක් එවා නොමැති නම් හෝ ප්‍රමාද වී එවා ඇත්නම් ඔබගේ විශ්‍රාම වැටුප ගෙවීම ආරම්භ කිරීම ප්‍රමාද විය හැකිය.එබැවින් ඔබගේ විශ්‍රාම වැටුප් අයදුම්පත යොමු කළ දිනය පිළිබඳව ඔබ සේවය කරන ආයතනයෙන් විමසන්න."
"මාගේ විශ්‍රාම වැටුප් අයදුම්පත විශ්‍රාම වැටුප් දෙපාර්තමේන්තුව වෙත ලැබුණු බව මා දැන ගන්නේ කෙසේද ?","විශ්‍රාම වැටුප් අයදුම්පත් විශ්‍රාම වැටුප් දෙපාර්තමේන්තුව වෙත ලද විගස ඒ බව ඔබගේ ජංගම දුරකතන අංකය වෙත කෙටි පණිවිඩයක් මඟින් දැනුම් දෙනු ලබයි. මීට අමතරව විශ්‍රාම වැටුප් දෙපාර්තමේන්තුවේ වෙබ් අඩවියේ “විශ්‍රාමිකයා” බටනය ඹබන්න. “ විශ්‍රාමික අයදුම්පත් තොරතුරු ” යටතේ ඔබගේ ජාතික හැඳුනුම්පත් අංකය ඇතුළත් කිරීම මඟින් ද අයදුම්පත් සම්බන්ධ තොරතුරු දැන ගැනීමට හැකියාව ඇත."
"විශ්‍රාම වැටුප් දෙපාර්තමේන්තුව මඟින් යොමු කරන කෙටි පණිවිඩ මාගේ දුරකතන අංකයට නොලැබේ.","විශ්‍රාම වැටුප් අයදුම්පතේ සඳහන් කර ඇති ජංගම දුරකතන අංකයට පමණක් විශ්‍රාම වැටුප් දෙපාර්තමේන්තුවේ කෙටි පණිවිඩ යොමු කරන අතර අයදුම්පතේ ජංගම දුරකතන අංකය වැරදියට සටහන් කර තිබීම, ජංගම දුරකතනයේ තාක්ෂණික දෝෂයක් පැවතීම යනාදී කරුණු මත දෙපාර්තමේන්තුවේ දුරකතන කෙටි පණිවිඩ නොලැබී යා හැකිය."
"විශ්‍රාම වැටුප් අයදුම්පතක් ලැබී කොපමණ කලකින් විශ්‍රාම වැටුප ලබා ගත හැකිද ?","නිලධාරියා අවසන් වරට සේවයේ යෙදී සිටි ආයතනය මඟින් විශ්‍රාම වැටුප් අයදුම්පත අඩුපාඩු රහිතව ඉදිරිපත් කර ඇත්නම් අයදුම්පත ලැබී මසක කාලයක් ඇතුළත විශ්‍රාම වැටුප සක්‍රිය වේ."
"විශ්‍රාම වැටුප් අයදුම්පතක් යොමු කළ පසු සිදු වන ක්‍රියාවලිය කුමක්ද ?","විශ්‍රාම වැටුප් අයදුම්පතේ සඳහන් කර ඇති ජංගම දුරකතන අංකයට පමණක් විශ්‍රාම වැටුප් දෙපාර්තමේන්තුවේ කෙටි පණිවිඩ යොමු කරන අතර අයදුම්පතේ ජංගම දුරකතන අංකය වැරදියට සටහන් කර තිබීම, ජංගම දුරකතනයේ තාක්ෂණික දෝෂයක් පැවතීම යනාදී කරුණු මත දෙපාර්තමේන්තුවේ දුරකතන කෙටි පණිවිඩ නොලැබී යා හැකිය."
"ප්‍රථම විශ්‍රාම වැටුප් සක්‍රිය කිරීමේ සම්මුඛ පරීක්ෂණයට කැඳවීම සිදු වන්නේ කෙසේද ?","ප්‍රථම විශ්‍රාම වැටුප් සක්‍රිය කිරීමේ සම්මුඛ පරීක්ෂණය පැවැත්වෙන දිනය, වේලිව සහ ස්ථානය පිළිබඳව අදාළ විශ්‍රාමික නිලධාරින්ගේ ජංගම දුරකතන අංකය වෙත කෙටි පණිවිඩ මඟින් පමණක් දැනුම් දෙනු ලැබේ."
"ප්‍රථම විශ්‍රාම වැටුප සක්‍රිය කිරීමේ සම්මුඛ පරීක්ෂණය පවත්වනු ලබන්නේ කුමන ස්ථානයන්හිදී ද?","මෙම සම්මුඛ පරීක්ෂණ පහත සඳහන් ස්ථානයන්හිදී පවත්වනු ලබන අතර විශ්‍රාමිකයන්ට තමන්ට පහසු මධ්‍යස්තානයක් විශ්‍රාම වැටුප් අයදුම්පත් යොමු කරන අවස්දාවේ දී තෝරා ගත හැකිය. විශ්‍රාම වැටුප් දෙපාර්තමේන්තු ප්‍රධාන කාර්යාලය -මාළිගාවත්ත -කොළඹ 10 ;කුරුණෑගල දිස්ත්‍රික් ලේකම් කාර්යාලය ;මාතර දිස්ත්‍රික් ලේකම් කාර්යාලය;මහනුවර දිස්ත්‍රික් ලේකම් කාර්යාලය; බදුල්ල දිස්ත්‍රික් ලේකම් කාර්යාලය ;අනුරාධපුර දිස්ත්‍රික් ලේකම් කාර්යාලය"
"විශ්‍රාම වැටුප සක්‍රිය කිරීමේ සම්මුඛ පරීක්ෂණයේ දී සිදු කරන කටයුතු මොනවාද ?","වැන්දඹු අනත්දරු හිමිකම් පත්‍රය නිකුත් කිරීම ;විශ්‍රාමික හැඳුනුම්පත නිකුත් කිරීම ;ශ්‍රාමිකයන්ගේ ඇඟිලි සලකුණු ලබා ගැනීම ;විශ්‍රාම වැටුප සක්‍රිය කිරීම"
"විශ්‍රාමික හැඳුනුම්පත නැති වූ විට නව විශ්‍රාමික හැඳුනුම්පතක් ලබා ගන්නේ කෙසේද?","විශ්‍රාමික හැඳුනුම්පත නැති වූ බවට ඔබ පදිංචි බල ප්‍රදේශයට අයත් පොලිස් ස්ථානය වෙත කරන ලද පැමිණිල්ලේ පිටපත සමඟ නැවත හැඳුනුම්පතක් ලබා දෙන ලෙස ඔබ විසින් ලිඛිතව කරනු ලබන ඉල්ලීම් ලිපිය ( ඔබගේ ජාතක හැඳුනුම්පත් අංකය හා විශ්‍රාම වැටුප් අංකය පැහැදිලිව සඳහන් කරන්න.) විශ්‍රාම වැටුප් දෙපාර්තමේන්තුව, මාළිගාවත්ත, කොළඹ 10 ලිපිනයට යොමු කරන්න.ඡායාරූපයක් එවීම අවශ්‍ය නොවේ.දෙවන වරට විශ්‍රාමික හැඳුනුම්පත නිකුත් කිරීමේදී තැපැල් ගාස්තු ද සමඟ ඔබගේ විශ්‍රාම වැටුපෙන් රුපියල් 410.00 ක් අය කරනු ලැබේ.මුද්‍රණය කරනු ලබන විශ්‍රමික හැඳුනුම්පත ලියාපදිංචි තැපෑලෙන් ඔබ‍ වෙත යොමු කිරීමට කටයුතු කරනු ලැබේ."
"ආබාධිත අනත්දරු විශ්‍රාම වැටුප යනු කුමක්ද?","උපතින්ම හෝ වයස අවුරුදු 26ට පෙර ඇතිවූ මානසික හෝ ශාරීරික අශක්නුතාවයට පත්වූ දරුවන් සිටින  රාජ්‍ය සේවයේ නියුතුව සිටි නිලධාරීන්ගේ දරුවන් සඳහා එම නිලධාරීන්ගේ ඇවෑමෙන් ජීවිත කාලය පුරාම ගෙවනු ලබන විශ්‍රාම වැටුප ආබාධිත විශ්‍රාම වැටුප ලෙස හැඳින්වේ."
"ආබාධිත අනත්දරු විශ්‍රාම වැටුප් ලබා ගැනීම සඳහා ඉල්ලුම්කරුවන් විසින් සිදු කළ යුත්තේ කුමක්ද?","රාජ්‍ය සේවයේ නියුතුව සිටියදී හෝ විශ්‍රාමිකව සිටියදී තම මව සහ පියා දෙදෙනාම මිය ගිය පසු, ආබාධිත විශ්‍රාම වැටුප සකසා ගැනීම සඳහා අදාළ ලේඛන ලබා දී ප්‍රාදේශීය ලේකම් කාර්යාලය මගින් සිදු කරනු ලබන මූලික පරීක්ෂණ කටයුතු වලට පෙනී සිටිය යුතු වේ. ඉන්පසු ප්‍රාදේශීය ලේකම් කාර්යාලය විසින් ඉදිරි කටයුතු සඳහා ලිපි ගොනුව ප්‍රධාන කාර්යාලය වෙත යොමු කරනු ලැබේ."
"ආබාධිත අනත්දරු විශ්‍රාම වැටුප් අයදුම්පත් සම්බන්ධයෙන් තොරතුරු සම්පූර්ණ කිරීමේදී දායකයා ලෙස හඳුන්වන්නේ කවුරුන්ද?","රජයේ සේවයේ ස්ථිර හා විශ්‍රාම වැටුප් හිමි තනතුරක සේවය කිරීම සඳහා පත්වීමක් ලබා ගත් වැන්දඹු හා අනත්දරු අරමුදලේ සාමාජිකත්වය ලබා ඇති නිලධාරීන්/නිලධාරිණියන් දායකයා ලෙස හඳුන්වනු ලබයි."
"ආබාධිත අනත්දරු විශ්‍රාම වැටුප් ගොනුවෙහි අඩු පාඩු පවතින විට සිදු කළ යුත්තේ කුමක්ද?","ආබාධිත විශ්‍රාම වැටුප් සැකසීම සඳහා ලිපි ගොනුවක් ප්‍රධාන කාර්යාලය වෙත  ලැබුණු පසු අදාළ විෂයභාර නිලධාරී විසින් ගොනුව පරීක්ෂා කොට එහි අඩු පාඩු ලේඛන පවතියි නම් ඒවා හඳුනාගෙන එම ලේඛන කැඳවීම සඳහා ඉල්ලුම්කරුට පිටපතක් සහිතව ප්‍රාදේශීය ලේකම් කාර්යාලය වෙත ලිපියක් යොමු කරනු ලබයි. ලිපි ලද විගස ප්‍රාදේශීය ලේකම් කාර්යාලයේ විෂයභාර නිලධාරි හා ආබාධිත පාර්ශවය විසින් එකී අඩු පාඩු ලේඛන කඩිනමින් ප්‍රධාන කාර්යාලය වෙත එවීමට කටයුතු කළ යුතුය."
"ආබාධිත පුද්ගලයන් වෛද්‍ය මණ්ඩලයක් වෙත ඉදිරිපත් කළ යුත්තේ කෙසේද?","ආබාධිත අය සම්බන්ධව ප්‍රාදේශීය ලේකම් කාර්යාලය විසින් පවත්වනු ලබන මූලික පරීක්ෂණ වාර්තාවෙහි ආබාධිත විශ්‍රාම වැටුපක් ගෙවිම සුදුසු බවට ප්‍රාදේශීය ලේකම් ගේ නිර්දේශය සහිතව ගොනුව ඉදිරිපත් කළ යුතුය. එම ප්‍රාදේශීය ලේකම්ගේ නිර්දේශය පදනම්ව ආබාධිත පාර්ශවය වෙතින් මෑතකදී ලබා ගත් සෞඛ්‍ය 307 වෛද්‍ය සහතිකයෙහි පිටපතක් සමඟ වෛද්‍ය මණ්ඩල අයදුම්පතක් සෞඛ්‍ය සේවා දෙපාර්තමේන්තුව වෙත යොමු කෙරේ."
"ආබාධිත විශ්‍රාම වැටුප හිමිගන්වනු ලබන්නේ කවදා සිටද?","ආබාධිත අය වෛද්‍ය මණ්ඩලයක් වෙත යොමු කිරීමෙන් පසු අදාළ වෛද්‍ය මණ්ඩලය විසින් ආබාධය ඇතිවූ වයස, ආබාධයේ ස්වභාවය සමඟ ඉල්ලුම්කරු වෙත ආබාධිත විශ්‍රාම වැටුප ගෙවීම පිළිබඳ නිර්දේශය ලබා දේ. එම නිර්දේශය ලබා දුන් දින සිට ආබාධිත විශ්‍රාම වැටුප හිමිගන්වනු ලැබේ."
"ආබාධිත අනත්දරු විශ්‍රාම වැටුප් අයදුම්පතක් ප්‍රතික්ෂේප වන්නේ ඇයි?","විශ්‍රාම වැටුප් ඉල්ලුම්කරු ආබාධිත තත්ත්වයන් නොවන රෝගී තත්ත්වයන්ගෙන් පෙළෙන බවට අයදුම්පත්‍රයෙහි සඳහන් කර ඇති විට (උදා - අධිරුධිර පීඩනය,දියවැඩියාව, කොලෙස්ටරෝල් වැනි රෝගයන්ගෙන් පෙළීම.);ආබාධය අනත්දරු වයස (අවු 26 ) ඉක්මවීමෙන් පසු ඇති වූ බවට වෛද්‍ය මණ්ඩලය විසින් තීරණය කිරීම.;ආබාධය නිත්‍ය ආබාධ තත්ත්වයක් නොවන බව වෛද්‍ය මණ්ඩලය විසින් තීරණය කිරීම.;ආබාධිත විශ්‍රාම වැටුප් ඉල්ලුම්කරු දායකයාගේ නීත්‍යනුකූල විවාහයක දරුවෙකු නොවන විට.;ඉල්ලුම්කරු දායකයාගේ දරුවෙකු බවට තහවුරු නොවන විට.;08.01 දිනට පෙර පත්වීම් ලබා ගත් වැන්දඹු හා අනත්දරු විශ්‍රාම වැටුප් ක්‍රමයට දායක නොවූ නිලධාරිනියන්ගේ දරුවන් වෙත ආබාධිත අනත්දරු විශ්‍රාම වැටුප හිමිගැන්විය නොහැක."
"ඇතැම් ආබාධිත දරුවන් හට භාරකරුවෙකු පත් කළ යුත්තේ ඇයි?","තම ජීවනෝපාය තනිවම සලසා ගත නොහැකි, මුදල් ගනුදෙනු කිරීමේ හැකියාවක් නොමැති ආබාධිත දරුවන් සඳහා ඔවුන්ගේ නිසි පෝෂණය හා රැකවරණය වෙනුවෙන් භාරකරුවෙකු යටතේ ආබාධිත විශ්‍රාම වැටුප හිමි ගැන්වීම සඳහා ප්‍රාදේශීය ලේකම්ගේ නිර්දේශය අනුව සුදුසු භාරකරුවෙකු පත් කළ යුතු වේ."
"භාරකරුවෙකු පත් කිරීමේදි අවශ්‍ය වන ලේඛන මොනවාද?","ආබාධිත අයගේ භාරකාරිත්වය සඳහා ඉදිරිපත් වන පුද්ගලයා හෝ ආයතනය පිළිබඳ ප්‍රාදේශීය ලේකම්ගේ නිර්දේශය. සම්පූර්ණ කරන ලද භාරකාර දිවුරුම් ප්‍රකාශය/භාරකරුගේ ජාතික හැඳුනුම්පතෙහි සහතික කරන ලද පිටපත ;භාරකරුගේ බැංකු පාස්පොතෙහි සහතික කරන ලද පිටපත;භාරකරුගේ සහතික කරන ලද පාස්පෝට් ප්‍රමාණයේ ඡායාරූපය;වි.වැ චක්‍රලේඛ අංක 7/2020 අනුව භාරකාර ගිවිසුම;භාරකරුගේ දිව්රුම් ප්‍රකාශය"
"ආබාධිත විශ්‍රාම වැටුප් ගෙවනු ලබන්නේ කවුරුන් උදෙසාද?","උපතින්ම හෝ වයස අවුරුදු 26ට පෙර ඇතිවූ මානසික හෝ ශාරීරික අශක්නුතාවයට පත්වූ දරුවන් සිටින  රාජ්‍ය සේවයේ නියුතුව සිටි නිලධාරීන්ගේ දරුවන් සඳහා ආබාධිත අනත්දරු විශ්‍රාම වැටුප හිමිගන්වනු ලබයි."
"ආබාධිත විශ්‍රාම වැටුප් ගෙවීම සම්බන්ධ නෛතික විධිවිධාන මොනවාද?","වැන්දඹු අනත්දරු විශ්‍රාම වැටුප් ආඥා පනතෙහි 29 වැනි වගන්තිය,වැන්දඹු පුරුෂ හා අනත්දරු විශ්‍රාම වැටුප් පනතෙහි 7 වැනි වගන්තිය, 01.07 දිනැති වි.වැ.ච.අංක 01/2009 , 08.15 දිනැති අංක 1719/3 අති විශෙෂ ගැසට් පත්‍රය, 12.02 දිනැති වි.වැ.ච.අංක 01/2009 සංශෝධන (I)"
"ආබාධිත විශ්‍රාම වැටුපක් හිමිගැන්වීම සඳහා සම්පූර්ණ කළ යුතු මූලික කරුණු මොනවාද?","දායකයා/දායිකාව විශ්‍රාම වැටුප් හිමි තනතුරක් දැරීම., අදාල තනතුරේ සේවය ස්ථිර කර තිබීම., දායකයා / දායිකාව වැන්දඹු හා අනත්දරු අරමුදලට දායක වී සිටීම. ,දායකයා/ දායිකාව  මිය ගොස් තිබීම සහ  කලත්‍රයා මියගොස් තිබීම හෝ වෙනත් විවාහයක් සිදුකරගෙන සිටීම., අනත්දරුවාගේ ශාරිරීක හෝ මානසික අශක්නුතාවය උපතේදි හෝ අනත්දරු වයස (අවු.26) ඉක්මවීමට පෙර ඇතිවී තිබිය යුතු වීම., තම ජීවනෝපාය සලසා ගත නොහැකි පරිදි නිත්‍ය ආබාධිත තත්ත්වයට පත් වී සිටීම."
"ආබාධිත විශ්‍රාම වැටුප  ගණනය කරන්නේ කෙසේද?","දායකයා/ දායිකාව හෝ වැන්දඹුව/ වැන්දඹු පුරුෂයා මිය යාමට පෙර ලබා ගත් මාසික විශ්‍රාම වැටුප (මූලික වැටුප+ ජීවන වියදම් දීමනාව) ආබාධිත විශ්‍රාම වැටුපක් ලෙස ආබාධිත දරුවන් සඳහා හිමිගන්වනු ලැබේ., ආබාධිත දරුවන් කිහිප දෙනෙකු සිටින විට දායකයාගේ /දායිකාවගේ මාසික විශ්‍රාම වැටුප සමානුපාතිකව එම දරුවන් අතරේ බෙදා හිමිගන්වනු ලැබේ., මව සහ පියා යන දෙදනාම වැන්දඹු/ වැන්දඹු පුරුෂ හා අනත්දරු විශ්‍රාම වැටුප් ක්‍රමයේ සාමාජිකත්වය ලබා ඇති විටදී, ඔවුන් දෙදෙනාගෙන් වැඩි වැටුප 60% ලෙසද අඩු වැටුප 40%ක් ලෙසද හිමි ගන්වනු ලැබේ.( අංක 1719/3 සහ 2011.08.15 දිනැති ගැසට් නිවේදනය අනුව), එසේම ආදායම් ලබන /විවාහක /පවුලේ අදායම යන කරුණු මත විශ්‍රාම වැටුපෙන් ප්‍රතිශතයක් ගෙවීම පිළිබඳව තීරණය කිරීමට අංක 1719/3 සහ 2011.08.15 දිනැති ගැසට් නිවේදනය අනුව විශ්‍රාම වැටුප් අධ්‍යක්ෂ ජනරාල්ට බලය ඇත."
"ආබාධිත විශ්‍රාම වැටුප ගෙවීම ආරම්භ වන්නේ කවදා සිටද?","ඉල්ලුම්කරු නිසි පරිදි වෛද්‍ය මණ්ඩලයක් වෙත යොමු කිරීමෙන් අනතුරුව වෛද්‍ය මණ්ඩලය විසින් ආබාධිත විශ්‍රාම වැටුප ගෙවීමට සුදුසු  බවට අනුමැතිය ලබා දුන් දින සිට ගෙවීම කටයුතු ආරම්භ වේ."
"ආබාධිත විශ්‍රාම වැටුප් අයඳුම්පත සමඟ ඉදිරිපත් කළ යුතු අනිකුත් පොදු ලේඛන මොනවාද?","ආබාධිත විශ්‍රාම වැටුප් ඉල්ලුම්කරුගේ උප්පැන්න සහතිකයේ මුල් පිටපත, සහතික කරන ලද ඉල්ලුම්කරුගේ පෝස්ට්කාඩ් ප්‍රමාණයේ ජායාරූපය, භාරකරුගේ පාස්පෝට් ප්‍රමාණයේ සහතික කරන ලද ජායාරූපයක්, ඉල්ලුම්කරුගේ සහ භාරකරුගේ ජාතික හැඳුනුම්පතේ සහතික කරන ලද පිටපත්, ඉල්ලුම්කරුගේ/භාරකරුගේ බැංකු ගිණුම් පාස්පොතෙහි සහතික කරන ලද පිටපත, ඉල්ලුම්කරුගේ දෙමව්පියන්ගේ විවාහ සහතික පත්‍රයේ මුල් පිටපත්, ඉල්ලුම්කරුගේ පියාගේ සහ මවගේ මරණ සහතිකවල මුල් පිටපත්, සෞඛ්‍ය 307 වෛද්‍ය සහතිකය( වර්තමාන ආබාධිත තත්ත්වය පිළිබඳව වෛද්‍ය නිලධාරි නිර්දේශය) , සම්පූර්ණ කරන ලද ආබාධිත අනත්දරු විශ්‍රාම වැටුප් අයදුම්පත්‍රය, සම්පූර්ණ කරන ලද භාරකරුගේ දිව්රුම් ප්‍රකාශය , වි.වැ.ච 7/2020 අනුව භාරකාර ගිවිසුම,මූලික පරීක්ෂණ වාර්තාවේ ප්‍රදේශීය ලේකම්ගේ නිර්දේශය, සුදුසු භාරකරුවෙකු පිළිබඳව ප්‍රාදේශීය ලේකම්ගේ නිර්දේශය, සම්පූර්ණ කරන ලද PD 4 අයදුම්පත්‍රය, ආදර්ශ අත්සන් පත්‍රිකාව, ඉල්ලුම්කරුගේ/භාරකරුගේ දුරකතන අංකය, අනත්දරු වයස් සීමාවට අදාළ වෛද්‍ය වාර්තා "
"ආබාධිත පුද්ගලයෙකු වෛද්‍ය මණ්ඩලයක් වෙත යොමු කිරීමේ ක්‍රියාවලිය සිදුවන්නේ කෙසේද ?","වි.වැ.චක්‍රලේඛ අංක 1/2009 අනුව ආබාධිත අය සම්බන්ධව මූලික පරීක්ෂණ කටයුතු සිදුකොට ඒ සඳහා ප්‍රාදේශීය ලේකම්ගේ නිර්දේශ සහිතව ගොනුව ප්‍රධාන කාර්යාලය වෙත යොමු කරනු ලබයි.අදාළ ගොනුව පරීක්ෂා කිරීමෙන් අනතුරුව සෞඛ්‍ය 307 වෛද්‍ය සහතිකය පදනම්ව වෛද්‍ය මණ්ඩල අයදුම්පතක් සෞඛ්‍ය සේවා දෙපාර්තමේන්තුව වෙත යොමු කෙරේ.අනතුරුව සෞඛ්‍ය සේවා දෙපාර්තමේන්තුව විසින් ආබාධිත අය විධිමත් වෛද්‍ය මණ්ඩලයක් වෙත යොමු කරනු ලබන අතර එම වෛද්‍ය මණ්ඩලය විසින් ආබාධිත අය සදහා ආ.වි.වැ ගෙවීම සුදුසු/නුසුදුසු යන්න පිළබඳ නිර්දේශ ලබා දේ.එසේම වි.වැ.ච අංක 1/2009 සංශෝධන 1 අනුව මේ වන විට විශ්‍රාම වැටුප් ලබමින් සිටින විශ්‍රාමිකයන්ගේ සහ සේවයේ නියුතු රජයේ නිලධාරීන්ගේ, ආබාධිත තත්ත්වයේ සිටින දරුවන් සිටීනම් ඔවුන් වෛද්‍ය මණ්ඩලයක් වෙත යොමු කිරීමේ හැකියාව ප්‍රාදේශීය ලේකම් කාර්යාල වලට සහ නිලධාරීන් සේවය කරන ආයතන ප්‍රධානීන්ට හැකියාව ඇත."
"සුදුසු භාරකරුවෙකු පත් කිරීම සිදුවන්නේ කෙසේද?","ආබාධිත දරුවා වෙනුවෙන් නිසි පෝෂණය හා රැකවරණය සැලසිය හැකි, ආබාධිත අය ජීවත්වන ප්‍රාදේශීය ලේකම් කොට්ඨාසය තුළම පදිංචිව සිටින අයෙකුට මේ සඳහා ඉදිරිපත් විය හැක. මෙහිදී එම භාරකාරිත්වය සඳහා එම තැනැත්තා/තැනැත්තිය සුදුසු බවට ප්‍රාදේශීය ලේකම්ගේ නිර්දේශය අනිවාර්ය වේ. එසේ ම ආබාධිත දරුවන් වෙත රැකවරණය දෙන ආයතන/ නිවාස/ වැඩිහිටි නිවාස/ කන්‍යාරාම ආදිය සැලකිල්ලට ගෙන කළමනාකරුවන්, භාරකරුවන් පත් කිරීමට විධිවිධාන යෙදීම ද සිදු කෙරෙන අතර, මෙහි දී ආබාධිත අනත්දරුවා සහ භාරකරු සිටින ප්‍රාදේශීය ලේකම් කොට්ඨාස වෙනස් වුවත් එය ප්‍රතිලාභ හිමිගැන්වීම සඳහා බාධාවක් නොවන පරිදි කටයුතු කිරීම සිදු කෙරේ."
"දායකයාට/ දායිකාවට හෝ කලත්‍රයාට විවාහයන් කීපයක් තිබී ඇති අවස්ථාවන්වලදී සිදු කළ යුත්තේ කුමක්ද ?","එම එක් එක් විවාහයන්ට අදාළ විවාහ සහතිකවල සහතික කළ පිටපත්, දික්කසාද නියත තීන්දු ප්‍රකාශයන් හෝ (උසාවි රෙජිස්ට්‍රාර් විසින් සහතික කළ) කලත්‍රයාගේ මරණ සහතික ඉදිරිපත් කළ යුතුය. පෙර විවාහවල දරුවන් පිලිබඳ තොරතුරු (දරුවන් ගණන, වයස,රැකියාවක් කරන්නේද/ නැද්ද යන වග දිනයන් සහිතව, විවාහකද/ නැද්ද යන වග දිනයන් සහිතව,  ඔවුන්ගේ උප්පැන්න සහතික හා බැංකු ගිණුම් පිටපත් )"
"ආබාධිත විශ්‍රාම වැටුප හිමිගැන්වීමේදී වි.වැ.දායකයාගේ/ දායිකාවගේ, කලත්‍රයාගේ සහ ආබාධිත අනත්දරුවාගේ නමෙහි වෙනස්කම් පවතින විට සිදු කළ යුතතේ කුමක්ද?","නම්වල වෙනස්කම් පවතින අවස්ථාවන්හීදී, නමෙහි අකුරක වෙනස්කමක් වැනි සුලු වෙනස්කමක් සඳහා දිවුරුම් ප්‍රකාශයක් ඉදිරිපත් කළ යුතුවේ. නමේ අකුරු කිහිපයක හෝ වචනයක පමණ වෙනස්කමක් පවතීනම්, එම වෙනස්කම තහවුරු කර ගැනීමට ග්‍රාම නිලධාරි වාර්තා, මැතිවරණ උධෘත, ප්‍රභූ වාර්තා ආදිය යොදා ගනිමින් පරීක්ෂණයක් පවත්වා නම තහවුරු කරගෙන ප්‍රාදේශීය ලේකම් වාර්තාවක් මඟින් ඉදිරිපත් කළ යුතු ය. නමෙහි වචන කිහිපයක වෙනස්කමක් පවතින අවස්ථාවන්වලදී හෝ ඉහත සඳහන් කළ ආකාරයට නමෙහි වෙනස්කම තහවුරු කළ නොහැකි අවස්ථාවන්වලදී තම නමෙහි වෙනස්කම නීත්‍යනුකූල ලේඛන (නම සංශෝධනය කර අදාළ සංශෝධිත ලේඛන) මගින් තහවුරු කරන ලෙස ඉල්ලුම්කරුට දැනුම් දී එකී සංශෝධිත ලේඛන ඉදිරිපත් කළ යුතු ය."
"රාජ්‍ය සේවකයෙකු විශ්‍රාම ලබා ගැනීමෙන් පසු ඔවුන් වෙනුවෙන් විශ්‍රාම පාරිතෝෂිකය ලබා දෙනවනම්, රජයේ සේවයේ යෙදී සිටියදී මිය යන නිලධාරීන්/ නිලධාරිණියන් වෙනුවෙන් පාරිතෝෂිකය ලබා ගත නොහැකිද?","රජයේ සේවයේ යෙදී සිටියදී මිය යන නිලධාරීන්/ නිලධාරිණියන් වෙනුවෙන් මරණ පාරිතෝෂිකය ලබා ගැනීමේ හැකියාව පවතී."
"මරණ පාරිතෝෂිකය යනු කුමක්ද?","රජයේ සේවයේ යෙදී සිටින  නිලධාරීන්/ නිලධාරිණියන් සේවා කාලය තුළ මිය යාම හේතුවෙන් අගතියට පත්වන ඔවුන්ගේ යැපෙන්නන් වෙනුවෙන් ගෙවනු ලබන දීමනාව මරණ පාරිතෝෂිකය නම් වේ."
"මරණ පාරිතෝෂිකය හිමිගන්වනු ලබන්නේ කුමන විධිවිධානයක් යටතේ ද?","විශ්‍රාම වැටුප් ව්‍යවස්ථා සංග්‍රහයේ 2.(ආ).1 වගන්තිය යටතේ මේ සඳහා විධිවිධාන පනවා ඇත."
"මිය ගිය අයෙකු වෙනුවෙන් මරණ පාරිතෝෂිකය ලබා ගැනීම සඳහා යැපෙන්නන් විසින් සිදු කල යුත්තේ කුමක්ද?","රජයේ සේවයේ යෙදී සිටින අතරතුර යම් අයෙකු මිය යාමෙන් පසු මරණ පාරිතෝෂිකය ලබා ගැනීම සඳහා මිය ගිය තැතැත්තා අවසන් වරට සේවය කළ ආයතනය හරහා විශ්‍රාම වැටුප් දෙපාර්තමේන්තුව වෙත අයදුම්පත් ඉදිරිපත් කළ යුතු බැවින් වහාම එම ආයතනයේ අදාල විෂය නිලධාරීන් හමු වී කරුණු සාකච්ඡා කර අවශ්‍ය ලේඛන භාරදිය යුතුය."
"මරණ පාරිතෝෂිකය ගෙවීමේ ක්‍රියාවලියේදී ආයතනය ලෙස හඳුන්වන්නේ කුමක්ද?"," මරණ පාරිතෝෂිකය ගෙවීමේ ක්‍රියාවලියේදී ආයතනය ලෙස හඳුන්වන්නේ මිය ගිය නිලධාරියා/නිලධාරිණිය අවසන් වරට සේවය කළ රජයේ ආයතනයයි. (කාර්යාලයයි)"
"මරණ පාරිතෝෂික අයදුම්පත් සම්බන්ධයෙන් තොරතුරු සම්පූර්ණ කිරීමේදී දායකයා ලෙස හඳුන්වන්නේ කවුරුන්ද?","රජයේ සේවයේ ස්ථිර හා විශ්‍රාම වැටුප් හිමි තනතුරක සේවය කිරීම සඳහා පත්වීමක් ලබා ගත් වැන්දඹු හා අනත්දරු අරමුදලේ සාමාජිකත්වය ලබා ගැනීම සඳහා හිමිකම් පවතින නිලධාරීන්/නිලධාරිණියන් දායකයා ලෙස හඳුන්වනු ලබයි."
"මරණ පාරිතෝෂිකය ලබා ගැනීම සඳහා සම්පූර්ණ කළ යුතු විශේෂ කරුණු තිබේද? ","ඔව්. මරණ පාරිතෝෂිකය ලබා ගැනීම සඳහා පහත සඳහන් කරුණු සම්පූර්ණ කර තිබීම අනිවාර්ය වේ. දායකයා මිය යන අවස්ථාවේදී විශ්‍රාම වැටුප් හිමි තනතුරක් දැරීම. අදාල තනතුරේ සේවය ස්ථිර කර තිබීම. මාස 60 ක දළ සේවා කාලයක් සම්පූර්ණ කර තිබීම."
"මරණ පාරිතෝෂික අයදුම්පත් විශ්‍රාම වැටුප් දෙපාර්තමේන්තුව වෙත ඉදිරිපත් කරන්නේ කෙසේද?","මරණ පාරිතෝෂිකය ලබා ගැනීම සඳහා මරණ පාරිතෝෂික අයදුම්පත් (PD5) විශ්‍රාම වැටුප් දෙපාර්තමේන්තුව වෙත යොමු කළ යුතු අතර, අයදුම්පත් යොමු කිරීම සමිබන්ධව විශ්‍රාම වැටුප් චක්‍රලේඛ අංක 09/2015, 09/2015(III) මගින් උපදෙස් ලබා දී ඇත. එකී උපදෙස් අනුව මිය ගිය දායකයා අවසන් වරට සේවය කළ ආයතනයේ විෂය නිලධාරියා විසින් එම තොරතුරු මරණ පාරිතෝෂික ගෙවීමේ දත්ත පද්ධතියට මාර්ගගත ව (Online) ඇතුළත් කර ලබා ගන්නා අයදුම්පතේ පිටපත (PD5) අනෙකුත් ලේඛන සමඟ ආයතන ප්‍රධානී සහතික කිරීමෙන් අනතුරුව තැපැල් මඟින් විශ්‍රාම වැටුප් දෙපාර්තමේන්තුව වෙත ඉදිරිපත් කළ යුතුය. "
"අදාල ලේඛන විශ්‍රාම වැටුප් දෙපාර්තමේන්තුව වෙත යොමු කිරීමෙන් පසු ගෙවීම් සිදු කරන තෙක් අයදුම්පතේ වර්තමාන තත්ත්වය පිළිබඳව දැනගැනීමේ හැකියාවක් පවතීද?","මරණ පාරිතෝෂික අයදුම්පත් විශ්‍රාම වැටුප් දෙපාර්තමේන්තුව වෙත යොමු කිරීමෙන් අනතුරුව එහි කටයුතු මාර්ගගත දත්ත පද්ධතියක් ඔස්සේ සිදු කරන බැවින් ඕනෑම අයෙකුට අයදුම්පතේ වර්තමාන තත්ත්වය පිළිබඳව විශ්‍රාම වැටුප් දෙපාර්තමේන්තු නිල වෙබ් අඩවිය ඔස්සේ (https://www.pensions.gov.lk)  පරික්ෂා කිරීමේ හැකියාව පවතී. එමෙන්ම අයදුම්පත් යොමු කිරීමේ සිට ගෙවීම් සිදු වන අවස්ථාව දක්වා අයදුම්පත යොමු වන එක් එක් අවස්ථාවන් දැනුවත් කරමින් යැපෙන්නන් ලෙස තොරතුරු ඇතුළත් කර ඇති අයෙකු සඳහා කෙටි පණිවුඩයක් යොමු කිරීමද සිදු කරනු ලැබේ."
"දත්ත පද්ධතිය ඔස්සේ තොරතුරු පරික්ෂා කරන්නේ කෙසේද ? ","විශ්‍රාම වැටුප් දෙපාර්තමේන්තු නිල වෙබ් අඩවිය වෙත පිවිස (https://www.pensions.gov.lk) එහි Public Services තුළ, මිය ගිය අයගේ ජාතික හැඳුනුම්පත් අංකය ඇතුලත් කර ඉදිරියට යා යුතු අතර , ඉන් පසුව PD5 අයදුම්පත් යන්න තෝරාගත යුතුය.එහි දිස්වන තිරයෙහි Application State තුළින් අයදුම්පතේ වර්තමාන තත්වය දැක ගැනීමේ හැකියාව පවතී."
"අයදුම්පතෙහි අඩුපාඩු යනුවෙන් හඳුන්වනු ලබන්නේ මොනවාද? "," මරණ පාරිතෝෂික ගෙවීමේ ක්‍රියාවලිය මාර්ගගත ක්‍රමය අනුව සිදු කරනු ලබන බැවින් අදාළ තොරතුරු නිවැරදිව පද්ධතියෙහි ඇතුලත් කළ යුතුය. එසේ තොරතුරු ඇතුලත් කිරීමේදී යම් අතපසුවීමකින් දත්ත වැරදි ආකාරයට ඇතුලත් වීම හා මරණ පාරිතෝෂික ගෙවීම සඳහා PD5 අයඳුම්පත සමඟ විශ්‍රාම වැටුප් දෙපාර්තමේන්තුව වෙත ඉදිරිපත් කළ යුතු ලේඛන අතුරින් ලේඛනයක් හෝ කිහිපයක් ඉදිරිපත් කර නොතිබීම වැනි කරුණු අඩුපාඩු ලෙස හඳුන්වනු ලබයි."
"යම් අයදුම්පතක් සම්බන්ධව පවතින අඩුපාඩු මොනවාදැයි දැනගන්නේ කෙසේද?","ඔබ ආයතනය මඟින් ඉදිරිපත් කරනු ලබන අයදුම්පත් සම්බන්ධව ගැටලු පවතින අවස්ථාවන්හීදී එම ගැටලු සඳහන් කරමින් අයදුම්පත ප්‍රතික්ෂේප කිරීම දත්ත පද්ධතිය මඟින් සිදු කරන බැවින් එකී සියලුම අඩුපාඩු විශ්‍රාම වැටුප් දෙපාර්තමේන්තු නිල වෙබ් අඩවිය මඟින් (https://www.pensions.gov.lk) ඕනෑම අයෙකුට පරීක්ෂා කිරීමේ හැකියාව පවතී. තවද, අයදුම්පත් යම් හේතුවක් මත ප්‍රතික්ශේප වූයේනම් ඒ බව සඳහන් කරමින් යැපෙන්නන් වෙත කෙටි පණිවිඩයක් යොමු කරන බැවින් අදාළ ආයතනය සම්බන්ධ කර ගැනීමෙන් අනතුරුව එම ආයතනයේ විෂය නිලධාරියා මාර්ගයෙන් අයදුම්පත ප්‍රතික්ෂේප වූ හේතුව දැන ගැනීමේ හැකියාව පවතී."
"දත්ත පද්ධතිය මඟින් අයදුම්පත ප්‍රතික්ෂේප වූ කරුණු පරික්ෂා කරන්නේ කෙසේද?","විශ්‍රාම වැටුප් දෙපාර්තමේන්තු නිල වෙබි අඩවිය වෙත පිවිස (https://www.pensions.gov.lk) එහි Public Services තුළ මිය ගිය අයගේ ජාතික හැඳුනුම්පත් අංකය ඇතුලත් කර ඉදිරියට යා යුතු අතර , ඉන් පසුව PD5 අයදුම්පත් යන්න තෝරාගත යුතුය. එහි දිස්වන තිරය තුළ Application State යටතේ ඇති View Reasons බටනය Click කිරීම මඟින් අයදුම්පත ප්‍රතික්ෂේප වූ කරුණු පරික්ෂා කිරීමේ හැකියාව ඇත. එහිදී, අයදුම්පත ප්‍රතික්ෂේප වූ සෑම වාරයකදීම ප්‍රතික්ෂේප කරන ලද හේතු සඳහන්ව ඇති අතර, ආසන්නතම දිනයේ ප්‍රතික්ෂේප වූ හේතූන් පහළින්ම දක්වා ඇත. එහි ප්‍රතික්ෂේප කරන ලද හේතුව හා දිනය සටහන්ව ඇති බැවින් පහසුවෙන් පැහැදිලි කර ගැනීමේ හැකියාවක් ඕනෑම අයෙකුට ඇත. "
"අඩුපාඩු නිවැරදි කිරීමෙන් පසු එම ලේඛන විශ්‍රාම වැටුප් දෙපාර්තමේන්තුව වෙත ඉදිරිපත් කරන්නේ කෙසේද? ","මේ වන විට අයදුම්පත් වල අඩුපාඩු ගෙන්වීම E-Mail මාර්ගයෙන් සිදු කරනු ලබන අතර, අප වෙත ඉදිරිපත් කරනු ලබන සියලු ලේඛන ආයතන ප්‍රධානී විසින් සහතික කිරීමෙන් අනතුරුව Scan කර PDFආකාරයට E-Mail මාර්ගයෙන් යොමු කළ යුතුය. තවද, අදාල E-Mail පණිවිඩය යොමු කිරීමේදී මරණ පාරිතෝෂික යොමු අංකය සටහන් කිරීම අනිවාර්ය වේ. එසේ  E-Mail පණිවිඩය යොමු කළ පසු 011 – 2332346 අංකය ඔස්සේ වැන්දඹු හා අනත්දරු විශ්‍රාම වැටුප් අංශය සම්බන්ධ කර ගෙන අදාළ ලේඛන ලැබී ඇත්ද යන්න තහවුරු කර ගැනීමේ හැකියාව පවතී. තැපැල් මාර්ගයෙන්ද අඩුපාඩු ඉදිරිපත් කිරීමේ හැකියාව ඇති අතර විශ්‍රාම වැටුප් දෙපාර්තමේන්තු තැපැල් අංශය වෙත අතින් ගෙනැවින් භාර දෙන ලේඛනද භාර ගනී. ( සෑම ලේඛනයක්ම අදාළ ආයතනයේ ආයතන ප්‍රධානියා විසින් සහතික කර තිබීම අනිවාර්ය වේ)."
"මරණ පාරිතෝෂිකය හිමිගැන්වීම පිළිබඳව හෝ ඒ සම්බන්ධ යම් ගැටලුවක් පැන නගින වෙනත් අවස්ථාවකදී කළ යුතුතේ කුමක්ද? ","විශ්‍රාම වැටුප් දෙපාර්තමේන්තු නිල වෙබ් අඩවිය (https://www.pensions.gov.lk) වෙත පිවිසීමෙන් ඔබට අවශ්‍ය සියලුම තොරතුරු පරික්ෂා කිරීමේ හැකියාව පවතින බැවින් විශ්‍රාම වැටුප් දෙපාර්තමේන්තුව හා සම්බන්ධ නොවී ඔබගේ අයදුම්පත සම්බන්ධව හෝ වෙනත් ඕනෑම කරුණක් සම්බන්ධව ගැටලුවක් ඇති අවස්ථාවකදී විශ්‍රාම වැටුප් දෙපාර්තමේන්තු නිල වෙබ් අඩවිය වෙත පිවිස අදාළ කරුණු පරික්ෂා කර ගන්නා ලෙස කාරුණිකව දැනුම් දෙමු. වෙබ් අඩවියේ සඳහන් නොවන කරුණක් පිළිබඳව දැනගැනීමේ අවශ්‍යතාවයකදී පමණක් 011 – 2332346 අංකය ඔස්සේ වැන්දඹු හා අනත්දරු විශ්‍රාම වැටුප් අංශය අමතා තොරතුරු දැන ගැනීමේ හැකියාව පවතී."
"මරණ පාරිතෝෂිකය ගෙවනු ලබන්නේ කවුරුන් උදෙසාද?","සේවයේ යෙදෙමින් සිටියදී මිය යනු ලබන, දළ සේවා කාලය මාස 60ක් සපුරා ඇති රජයේ නිලධාරීන්ගේ/ නිලධාරිනියන්ගේ යැපෙන්නන් වෙත මරණ පාරිතෝෂිකය ගෙවනු ලබයි."
"මරණ පාරිතෝෂික ගෙවීම සම්බන්ධව විධිවිධාන සළසා ඇත්තේ කුමකින්ද?","විශ්‍රාම වැටුප් ව්‍යවස්ථා සංග්‍රහයේ 2(ආ) වගන්තිය මගින් මරණ පාරිතෝෂිතය ගෙවීම සම්බන්ධව  විධිවිධාන සලසා ඇත."
"සේවයෙන් ඉල්ලා අස්වූ හෝ සේවය අතහැර ගොස් සිටි නිලධාරියෙකු මිය ගිය විට ඔහු හෝ ඇය වෙනුවෙන් මරණ පාරිතෝෂිකය හිමිගැන්විය හැකිද?","නොහැක. මරණ පාරිතෝෂිකය ගෙවිය හැක්කේ සක්‍රීය සේවයේ සිටියදී මිය ගිය නිලධාරීන් සඳහා පමණි."
"රාජ්‍ය සේවයෙන් විශ්‍රාම ගන්නා ලද, නමුත් විශ්‍රාම වැටුප් ලබා ගැනීමට පෙර මිය යන නිලධාරීන් සඳහා මරණ පාරිතෝෂිකය හිමිගැන්විය හැකිද?","නොහැක. නමුත් නිලධාරියා විශ්‍රාම පාරිතෝෂිකය සඳහා මනාපය පළ කර ඇත්නම් විශ්‍රාම පාරිතෝෂිකය ගෙවිය හැකි අතර, විශ්‍රාම පාරිතෝෂිකය සඳහා මනාපය පළ කර නොමැතිනම් නිලධාරියා මිය ගිය දිනය දක්වා  ගෙවිය යුතුව තිබූ විශ්‍රාම වැටුප පමණක් උරුමකරුවන් වෙත ගෙවිය හැක. ඒ සඳහා විශ්‍රාම වැටුප් ව්‍යවස්ථා සංග්‍රහයේ 2.39 වගන්තිය යටතේ විධිවිධාන සළසා ඇති අතර, විශ්‍රාම වැටුප් චක්‍රලේඛ 7/2022 අනුව උරුමකරු ගෙවීම් සඳහා අයදුම්පත් යොමු කළ යුතුය. (උරුමකරු ගෙවීම් සම්බන්ධයෙන් අවශ්‍ය කටයුතු මධ්‍යගත විශ්‍රාම වැටුප් අංශයෙන් සිදු කෙරේ.)"
"මරණ පාරිතෝෂික අයදුම්පත් මාර්ගගත පද්ධතිය මඟින් යොමු කිරීමේදී ගැටලු ඇතිවන අවස්ථාවන්වලදී සිදු කළ යුතුතේ කුමක්ද?","මාර්ගගත පද්ධතිය මඟින් අයදුම්පත් යොමු කිරීමේදී ගැටලු ඇතිවන අවස්ථාවන්හීදී විශ්‍රාම වැටුප් දෙපාර්තමේන්තු තොරතුරු තාක්ෂණ අංශය හා සම්බන්ධ වී තාක්ෂණික උපදෙස් ලබා ගැනීම සිදු කළ යුතුය. ඒ සඳහා inquiry, helpdesk@pensions.gov.lk යන විද්‍යුත් තැපැල් ලිපින මඟින් හෝ 011 - 5 920 403 දුරකථන අංකය ඔස්සේ තොරතුරු තාක්ෂණ අංශය සම්බන්ධ කර ගත හැක."
"2006 වර්ෂයට පෙර මිය ගිය නිලධාරීන්ගේ වැටුප් පරිමාණ මාර්ගගත පද්ධතියේ පෙන්නුම් නොකෙරේ. මෙවැනි අවස්ථාවන්හීදී කළ යුතුතේ කුමක්ද?","2006 වර්ෂයට පෙර වැටුප් පරිමාණ මාර්ගගත පද්ධතියේ ඇතුළත් කර නොමැත. එවැනි අයදුම්පත් විශ්‍රාම වැටුප් චක්‍රලේඛ 09/2015 හි දක්වා ඇති මුද්‍රිත අයදුම්පත් ආකෘතිය සමඟ මාර්ගගත නොවන ආකාරයට (Manual) විශ්‍රාම වැටුප් දෙපාර්තමේන්තුව වෙත යොමු කළ යුතුය. "
"මරණ පාරිතෝෂික අයදුම්පත් යොමු කිරීම සම්බන්ධව උපදෙස් ලබා දී ඇති චක්‍රලේඛ මොනවාද?","විශ්‍රාම වැටුප් චක්‍රලේඛ අංක 09/2015 Circulars හා 09/2015(III) Circulars යන චක්‍රලේඛ මගිනි."
"මරණ පාරිතෝෂිකයක් හිමිගැන්වීම සඳහා සම්පූර්ණ කළ යුතු මූලික කරුණු මොනවාද?","මරණ පාරිතෝෂිකය ලබා ගැනීම සඳහා පහත සඳහන් කරුණු සම්පූර්ණ කර තිබීම අනිවාර්ය වේ.දායකයා මිය යන අවස්ථාවේදී විශ්‍රාම වැටුප් හිමි තනතුරක් දැරීම.,අදාල තනතුරේ සේවය ස්ථිර කර තිබීම.,මාස 60 ක දළ සේවා කාලයක් සම්පූර්ණ කර තිබීම."
"මරණ පාරිතෝෂිකය ගණනය කරන්නේ කෙසේද?","විශ්‍රාම වැටුප් ව්‍යස්ථා සංග්‍රහයේ 2(ආ) (අ) සහ (ආ) වගන්ති අනුව අඩු නොකළ වාර්ෂික විශ්‍රාම වැටුප මෙන් දෙගුණයක් හෝ වාර්ෂික වැටුප හෝ යන මේ දෙකෙන් වැඩි වටිනාකම මරණ පාරිතෝෂිකය ලෙස ගෙවීම සිදු වේ."
"මරණ පාරිතෝෂිකය ලබා ගැනීම සඳහා හිමිකම් ලබන පාර්ශවයන් කවරහුද?","මරණ පාරිතෝෂිකය හිමිගන්වනු ලබන්නේ රජයේ සේවයේ යෙදී සිටින අතරතුර දායකයා මිය යාම හේතුවෙන් අගතියට පත්වන දායකයාගේ නීත්‍යනුකූල යැපෙන්නන් වෙතය."
"මරණ පාරිතෝෂිකය හිමිගැන්වීමේදී යැපෙන්නන් ලෙස අර්ථ දක්වන්නේ කවුරුන්ද?","මියගිය නිලධාරියා/නිලධාරිණිය විවාහක නම්,නීත්‍යනුකූල කලත්‍රයා,දායකයා මිය යන දිනට අවිවාහක හා රැකියා විරහිත දරුවන් (දරුවන්ගේ වයස බළනොපායි). මියගිය නිලධාරියා/නිලධාරිණිය අවිවාහක නම්,පියා සහ මව,මව හෝ පියා යන දෙදෙනාම ජීවතුන් අතර නොමැති නම් අදාළ නිලධාරියා හෝ නිලධාරිණිය මිය ගිය දිනට අවිවාහක හා රැකියා විරහිත සහෝදර සහෝදරියන් (සහෝදර සහෝදරියන් අවිවාහක හා රැකියා විරහිත බව යැපෙන්නන්ගේ වාර්තාවේ පැහැදිලිව සඳහන් කර තිබිය යුතුය)"
"මිය ගිය නිලධාරියා/නිලධාරිණිය වෙනුවෙන් මරණ පාරිතෝෂිකය ලබා ගැනීම සඳහා යැපෙන්නන් කිසිවෙක් නොමැති අවස්ථාවකදී සිදු කළ යුත්තේ කුමක්ද?","යැපෙන්නන් නොමැති අවස්ථාවකදී අදාළ නිලධාරියාගෙන් හෝ නිලධාරිණියගෙන් රජයට අයවීම් පවතී නම් එම රජයට අයවීම් අය කර ගැනීම සඳහා පමණක් මරණ පාරිතෝෂික අයදුම්පත් යොමු කළ යුතුය. එහිදී යැපෙන්නන් නොමැති බවට ප්‍රාදේශීය ලේකම් විසින් තහවුරු කර තිබීම අනිවාර්ය වේ."
"මරණ පාරිතෝෂික ගෙවීම් කිරීමේ ක්‍රමවේදය කුමක්ද?","විශ්‍රාම වැටුප් චක්‍රලේඛ 09/2015 (සංශෝධන iii) හි සඳහන් ආකාරයට මේ වන විට මරණ පාරිතෝෂික ගෙවීම් කටයුතු සිදු කරනු ලබයි. ඒ අනුව මරණ පාරිතෝෂික අයදුම්පත මාර්ගගත දත්ත පද්ධතියේ ඇතුලත් කළ යුතු වන අතර පසුව එහි මුද්‍රිත පිටපත ලබා ගෙන, එය (Hard Copy) ආයතන ප්‍රධානී සහතික කිරීමෙන් අනතුරුව අයදුම්පත පිටුපසෙහි දක්වා ඇති සියලුම ලේඛන තිබේදැයි නිවැරදිව පරික්ෂා කිරීමෙන් අනතුරුව එකී සියලුම ලේඛන ආයතන ප්‍රධානී සහතික කර අයදුම්පත සමඟ විශ්‍රාම වැටුප් දෙපාර්තමේන්තුව වෙත යොමු කළ යුතුය."
"මරණ පාරිතෝෂික අයදුම්පත සමඟ ඉදිරිපත් කළ යුතු අනෙකුත් පොදු ලේඛන මොනවාද?","මිය ගිය නිලධාරියාගේ මරණ සහතිකයේ මුල් පිටපත, උප්පැන්න සහතිකයේ මුල් පිටපත, ජාතික හැඳුනුම්පතේ සහතික කළ පිටපතක්, චර්යා සටහනේ සහතික කළ පිටපතක් - නිලධාරියාගේ මුල් පත්වීමේ දින සිට මිය ගිය දිනය දක්වා සියලුම වර්ෂ හා තොරතුරු ඇතුලත් කර සම්පූර්ණ කරන ලද චර්යා සටහන ඉදිරිපත් කළ යුතු අතර අසම්පූර්ණ චර්යා සටහන් සහිත අයදුම්පත් ප්‍රතික්ෂේප කිරීමට සිදු වනු ඇත., පත්වීමේ ලිපියේ සහතික කළ පිටපතක් - ස්ථීර හා විශ්‍රාම වැටුප් සහිත පත්වීම් ලිපිය හා ස්ථීර හා විශ්‍රාම වැටුප් සහිත පත්වීමක් ලබා ගැනීමට පෙර අනියම් /ආදේශක /තාවකාලික /අභ්‍යාසලාභී /දෛනික හෝ කොන්ත්‍රාත් පදනම මත සේවය කර ඇත්නම් එම සියලුම පත්වීම් ලිපිවල සහතික කරන ලද පිටපත් ඉදිරිපත් කළ යුතු අතර පත්වීම් ලිපියක් නොමැතිනම් එම සේවා කාලය මරණ පාරිතෝෂිකය ගෙවීම සඳහා අදාළ කර ගත නොහැක., පත්වීම ස්ථිර කිරීමේ ලිපියේ සහතික කළ පිටපතක් - මිය ගිය නිලධාරියාගේ/නිලධාරිණියගේ ස්ථීර හා විශ්‍රාම වැටුප් සහිත තනතුර ස්ථීර කර තිබිය යුතු අතර පත්වීම ස්ථීර කිරීමේ ලිපියක් නොමැතිනම් මරණ පාරිතෝෂිකය ගෙවීමේ හැකියාවක් නොමැති බැවින් ඒ බව නිලධාරි‍යාගේ යැපෙන්නන් වෙත ලිඛිතව දැන්විය යුතුය., නොඉල්ලුම් සහතිකය - නිලධාරියාගෙන් රජයට අයවිය යුතු සියලුම රජයට අයකිරීම් සඳහන් කර සකස් කරන ලද නොඉල්ලුම් සහතිකය මෙහි ඇතුලත් කළ යුතුය. නොඉල්ලුම් සහතිකයේ දක්වා ඇති රජයට අයවීම් සහ PD5 අයදුම්පතෙහි දක්වා ඇති රජයට අයවීම් අනිවාර්යෙන්ම සමාන විය යුතු අතර එසේ නොවන අවස්ථාවලදී අයදුම්පත් ප්‍රතික්ෂේප වීම සිදු වනු ඇත., සේවා කඩවීම් ඇත්නම් ඒ පිළිබඳ තොරතුරු හා සේවා කඩවීම් පැවති කාලසීමා සඳහා වැන්දඹු හා අනත්දරු දායක මුදල් අය කළ බවට තහවුරුවක්. , අවසන් වරට ගත් වැටුප් පත්‍රිකාවේ සහතික කළ පිටපතක්., අවසන් වරට ලබා ගත් වැටුප් පරිවර්තන ලිපියේ සහතික කළ පිටපතක්., නිවැරදි ආකෘතියට අනුව සම්පූර්ණ කරන ලද යැපෙන්නන්ගේ වාර්තාව.,  සියලුම යැපෙන්නන්ගේ උප්පැන්න සහතික හා බැංකු ගිණුම් පොත්වල සහතික කළ පිටපත්., විශ්‍රාම වැටුප් චක්‍රලේඛ 03/2020 අනුව සකස් කරන ලද PD04 ආයදුම්පත ( වැන්දඹු හා අනත්දරු අයදුම්පත)  සහ අදාළ ලේඛන, පත්වීම පෙරදාතම් කර තිබේ නම් එම පෙරදාතම් කරන ලද කාලසීමාව සඳහා වැන්දඹු අනත්දරු දායක මුදල් අය කර තිබේද යන්න පිළිබඳ තහවුරුවක් "
"එකම අයවීම් වර්ගය යටතේ අයවීම් කිහිපයක් ඇති අවස්ථාවන් වලදී එම අයවීම් පද්ධතියේ ඇතුලත් කරන්නේ කෙසේද?","පද්ධතිය තුළ මෙම රජයට අයකිරීම් නිවැරදිව වර්ග කර දැක්විය යුතු අතර, එකම වර්ගීකරණය යටතේ අයකිරිම් කීපයක් දැක්වීම සිදු නොකර එකතුවක් ලෙස දැක්විය යුතුය. (උදා- දෛනික සේවා කාලය වෙනුවෙන් වැන්දඹු හා අනත්දරු අරමුදල වෙනුවෙන් හිඟ දායක මුදල් අයවීමට ඇති අවස්ථාවකදී හා වැඩ තහනම්ව සිටි කාලසීමාවක් සඳහා වැන්දඹු හා අනත්දරු අරමුදල වෙනුවෙන් දායක මුදල් අයවීමට ඇති අවස්ථාවකදී, පද්ධතියේ වැන්දඹු හා අනත්දරු අරමුදල වෙන්වෙන් හිඟ දායක මුදල් අයවීම, වැන්දඹු හා අනත්දරු අරමුදල වෙන්වෙන් හිඟ දායක මුදල් අයවීම ලෙස දෙවතාවක් ඇතුලත් නොකර, එක් වතාවක් පමණක් ඇතුලත් කර අවස්ථාවන් දෙකෙහි එකතුව ඇතුලත් කළ යුතුය.)"
"නිවැරදි ආකෘතියට සකස් කරන ලද යැපෙන්නන්ගේ වාර්තාව ලබා ගන්නේ කෙසේද?","මරණ පාරිතෝෂික දත්ත පද්ධතිය වෙත පිවිසීමේදී, දත්ත පද්ධතියේ අදාළ ආකෘතිය බාගත කර ගැනීමට අවස්ථාව සළසා ඇති අතර එහි සියලුම තොරතුරු සම්පූර්ණ කළ යුතු අතර හිස්තැන් නොතිබිය යුතුය."
"විවාහක නිලධාරියෙක්/නිලධාරිණියක් වෙනුවෙන් මරණ පාරිතෝෂිකය හිමි ගැන්වීමේදී ඉදිරිපත් කළ යුතු අනෙකුත් විශේෂ ලේඛන මොනවාද?","කලත්‍රයාගේ ජාතික හැඳුනුම්පතේ සහ උප්පැන්න සහතිකයේ සහතික කළ පිටපත්,විවාහ සහතිකයේ සහතික කළ පිටපතක්,අවිවාහක, රැකියා විරහිත දරුවන්ගේ උප්පැන්න සහතිකවල හා ජාතික හැඳුනුම්පත්වල සහතික කළ පිටපත්,කලත්‍රයාගේ සහ අවිවාහක,රැකියා විරහිත දරුවන්ගේ බැංකු ගිණුම් පොත්වල සහතික කළ පිටපත්.(මෙහිදී ගිණුම රජයේ බැංකුවක ගිණුමක් විය යුතු අතර බද්ධ ගිණුමක් නොවිය යුතුය),කලත්‍රයා හෝ දරුවන් මිය ගොස් ඇත්නම් ඔවුන්ගේ මරණ සහතිකවල සහතික කළ පිටපත.,කලත්‍රයාගේ හෝ දරුවන්ගේ නම් වල වෙනස්කම් පවතී නම් ඒ සම්බන්ධව ලබා දී ඇති දිවුරුම් ප්‍රකාශ හෝ ඒ බව තහවුරු කෙරෙන නෛතික ලේඛන."
"නිලධාරියාට / නිලධාරිණියට හෝ කලත්‍රයාට විවාහයන් කීපයක් තිබී ඇති අවස්ථාවන් වලදී සිදු කළ යුත්තේ කුමක්ද?","එම එක් එක් විවාහයන්ට අදාල විවාහ සහතිකවල සහතික කළ පිටපත්, දික්කසාද නියත තීන්දු ප්‍රකාශයන් හෝ (උසාවි රෙජිස්ට්‍රාර් විසින් සහතික කළ) පෙර විවාහයේ කලත්‍රයාගේ මරණ සහතික ඉදිරිපත් කළ යුතුය. පෙර විවාහවල දරුවන් පිළිබඳ තොරතුරුද (දරුවන් ගණන, වයස,රැකියාවක් සිදු කරන්නේද නැද්ද යන වග දින සහිතව, විවාහකද නැද්ද යන වග දින සහිතව,  ඔවුන්ගේ උප්පැන්න සහතික හා බැංකු ගිණුම් පිටපත් ) මේ සමඟ ඉදිරිපත් කිරීම හා යැපෙන්නන්ගේ වාර්තාවේ ඇතුළත් කිරීම අනිවාර්ය වේ."
"අවිවාහක නිලධාරියෙකු හෝ නිලධාරිණියෙකු මිය ගිය අවස්ථාවකදී ඉදිරිපත් කළ යුතු ලේඛන මොනවාද?","දෙමව්පියන්ගේ ජාතික හැදුනුම්පත්වල සහතික කළ පිටපත්, බැංකු ගිණුම් පොත්වල සහතික කළ පිටපත් හා විවාහ සහතිකයේ සහතික කළ පිටපතක්., මව හෝ පියා මිය ගොස් ඇත්නම් ඔවුන්ගේ මරණ සහතිකයන්හි සහතික කළ පිටපත්.,දෙමාපියන්ගෙන් එක් අයෙක් හෝ ජීවත්වන අවස්ථාවකදී සම්පූර්ණ පාරිතෝෂික මුදල එම අය වෙනුවෙන් හිමිගැන්විය යුතුය."
"අවිවාහක නිලධාරියෙකු හෝ නිලධාරිණියෙකු මිය ගිය අවස්ථාවකදී දෙමාපියන් දෙදෙනාම ජීවතුන් අතර නොමැතිනම් මරණ පාරිතෝෂිකය කවුරුන් වෙනුවෙන් හෝ ගෙවීමේ හැකියාවක් තිබේද?","දෙමව්පියන් දෙදෙනාම නොමැති අවස්ථාවක දී මියගිය නිලධාරියාගේ / නිලධාරිණියගේ අවිවාහක හා රැකියා විරහිත සහෝදර සහෝදරියන් වෙනුවෙන් මරණ පාරිතෝෂිකය ගෙවීමේ හැකියාවක් ඇති අතර ඒ සඳහා ඔවුන්ගේ උප්පැන්න සහතික, ජාතික හැඳුනුම්පත් පිටපත් හා බැංකු ගිණුම් පොත්වල සහතික කළ පිටපත් ඉදිරිපත් කළ යුතුය. (සහෝදර සහෝදරියන්ගේ සිවිල් තත්ත්වය හා රැකියා තත්ත්වය දින සහිතව යැපෙන්නන්ගේ වාර්තාවේ ඇතුලත් කළ යුතුය)"
"මියගිය නිලධාරියා හට අනියම්/ තාවකාලික/ ආදේශක/ අභ්‍යාසලාභී සේවා කාලයක් පවතින අවස්ථාවන්වලදී ඉහත සඳහන්‍ කරන ලද ලේඛන වලට අමතරව ඉදිරිපත් කළ යුතු ලේඛන මොනවාද?","අදාල අනියම්/තාවකාලික/ආදේශක/ අභ්‍යාසලාභී පත්වීම් ලිපියේ හා චර්යා සටහනේ (පොදු 226) සහතික කළ පිටපත්, අනියම්/තාවකාලික/ආදේශක/ අභ්‍යාසලාභී  සේවා කාලය සඳහා වැන්දඹු හා අනත්දරු දායක මුදල් අයවීම සම්බන්ධ තොරතුරු."
"මරණ පාරිතෝෂික අයදුම්පත් යොමු කිරීමේදී  විශේෂයෙන් සැළකිලිමත් විය යුතු කරුණු මොනවාද?","පද්ධතිය වෙත තොරතුරු ඇතුලත් කිරීමෙන් පසුව මුද්‍රණය කර ගනු ලබන PD5 අයදුම්පත සමඟ, මියගිය නිලධාරියාගේ හා ඔහුගේ යැපෙන්නන්ගේ සියලුම තොරතුරු අයදුම්පතෙහි නිවැරදිව ඇතුලත් කර ඇත්ද යන්න නැවත වරක් පරික්ෂා කර බැලිය යුතු වන අතර, යම් අඩුපාඩුවක් වේ නම් අයදුම්පත අප වෙත යොමු කිරීමට පෙර නැවත පද්ධතියට වෙත පිවිස අදාළ නිවැරදි කිරීම් සිදු කර නැවත අයදුම්පත මුද්‍රණය කර ගැනීමෙන් පසු ආයතන ප්‍රධානියාගේ අත්සන හා නිල මුද්‍රාවෙන් සහතික කිරීමෙන් පසුව ඉදිරිපත් කළ යුතුය.,පද්ධතිය වෙත තොරතුරු ඇතුලත් කිරීමෙන් පසුව මුද්‍රණය කර ගනු ලබන PD5 අයදුම්පත සමඟ, මියගිය නිලධාරියාගේ හා ඔහුගේ යැපෙන්නන්ගේ සියලුම තොරතුරු අයදුම්පතෙහි නිවැරදිව ඇතුලත් කර ඇත්ද යන්න නැවත වරක් පරික්ෂා කර බැලිය යුතු වන අතර, යම් අඩුපාඩුවක් වේ නම් අයදුම්පත අප වෙත යොමු කිරීමට පෙර නැවත පද්ධතියට වෙත පිවිස අදාළ නිවැරදි කිරීම් සිදු කර නැවත අයදුම්පත මුද්‍රණය කර ගැනීමෙන් පසු ආයතන ප්‍රධානියාගේ අත්සන හා නිල මුද්‍රාවෙන් සහතික කිරීමෙන් පසුව ඉදිරිපත් කළ යුතුය.,නොඉල්ලුම් සහතිකයේ දක්වා ඇති රජයට අයවීම් හා PD5 අයදුම්පතේ දක්වා ඇති රජයට අයවීම් සෑම විටම සමාන විය යුතු අතර පද්ධතියේ නිවැරදිව වර්ග කර තිබිය යුතුය. (එකම අයවීම් වර්ගය යටතේ දෙවතාවක් අයවීම් ඇතුලත් නොකළ යුතු අතර, ඒ ඒ වර්ගයට අයත් සියලුම අයවීම්වල එකතුවක් ලෙස පද්ධතියේ අයවීම් ඇතුලත් කළ යුතුය.),අනියම්, තාවකාලික, ආදේශක හෝ අභ්‍යාසලාභී සේවා කාලයක් පවතින විට එම කාලසීමාව සඳහා වැන්දඹු හා අනත්දරු දායක මුදල් අයවී ඇති බව ගණකාධිකාරි විසින් තහවුරු කළ යුතු අතර අදාළ කාලසීමාව සඳහා දායක මුදල් අය කර නොමැති නම් මරණ පාරිතෝෂිකයෙන් එම මුදල අය කර ගැනීම සඳහා නොඉල්ලුම් සහතිකයේ සහ PD5 අයදුම්පතේ ඇතුලත් කළ යුතුය.,යැපෙන්නන්ගේ බැංකු ගිණුම් ශාඛා සහ බැංකු ගිණුම් අංක නිවැරදිව පද්ධතියට ඇතුලත් කර තිබේද යන්න අයදුම්පත යොමු කිරීමට පෙර නැවත පරික්ෂා කරන්න.,පද්ධතියේ දක්වා ඇති යැපෙන්නන්ගේ වාර්තාවට අදාළ ආකෘතියෙන් පමණක් යැපෙන්නන්ගේ වාර්තාව ඉදිරිපත් කළයුතු අතර, එය හිස්ව නොතබා සම්පූර්ණ කර ඉදිරිපත් කළ යුතුය."
"මරණ පාරිතෝෂිකය හිමිගැන්වීමේදී දායකයාගේ නමෙහි වෙනස්කම් පවතින විට සිදු කළ යුත්තේ කුමක්ද?","එම නමේ වෙනස්කම් විධිමත් ආයතන ප්‍රධානි සහතිකයක් මඟින් තහවුරු කළ යුතු අතර, නම සංශෝධනය කර තිබේනම් එකී ලේඛන ඉදිරිපත් කළ යුතුය. තවද, මිය ගිය නිලධාරියාගේ නමෙහි වෙනස්කම් තහවුරු කිරීම සඳහා දිවුරුම් ප්‍රකාශ භාරනොගනී."
"මරණ පාරිතෝෂිකය හිමිගැන්වීමේදී කලත්‍රයාගේ නමෙහි වෙනස්කම් පවතින විට සිදුකළ යුත්තේ කුමක්ද?","කලත්‍රයාගේ නමේ වෙනකම් පවතින අවස්ථාවන්හීදී, නමෙහි අකුරක වෙනස්කමක් වැනි සුලු වෙනස්කමක් සඳහා දිවුරුම් ප්‍රකාශයක් ඉදිරිපත් කළ යුතුවේ. නමේ අකුරු කිහිපයක හෝ වචනයක පමණ වෙනස්කමක් පවතීනම්,එම වෙනස්කම තහවුරු කර ගැනීමට ග්‍රාම නිලධාරි වාර්තා, මැතිවරණ උධෘත, ප්‍රභූ වාර්තා ආදිය යොදා ගනිමින් පරීක්ෂණයක් පවත්වා නම තහවුරු කර‍ගෙන ප්‍රාදේශීය ලේකම් වාර්තාවක් මඟින් ඉදිරිපත් කළ යුතු ය. නමෙහි වචන කිහිපයක වෙනස්කමක් පවතින අවස්ථාවන් වලදී හෝ ඉහත සඳහන් කළ ආකාරයට නමෙහි වෙනස්කම තහවුරු කළ නොහැකි අවස්ථාවන් වලදී තම නමෙහි වෙනස්කම නීත්‍යනුකූල ලේඛන (නම සංශෝධනය කර අදාල සංශෝධිත ලේඛන) මගින් තහවුරු කරන ලෙස කලත්‍රයාට දැනුම් දී එකී සංශෝධිත ලේඛන ඉදිරිපත් කළ යුතු ය."
"දායකයා මිය යාමට පෙර කලත්‍රයා වෙනත් විවාහයක් සිදු කරගෙන ඇත්නම්, වෙනත් අයෙකු සමඟ ජීවත් වූවානම් හෝ දරුවන් නොසළකා හැර සිටීනම් කළ යුතුතේ කුමක්ද?","දායකයා මිය යාමට පෙර කලත්‍රයා වෙනත් අයෙකු සමඟ ජීවත් වන්නේනම් ඔවුන් නීත්‍යනුකූලව විවාහ වී ඇත්ද යන්න සොයා බලා අදාළ ලේඛන මඟින් හෝ කරුණු පරික්ෂා කර බලා ප්‍රාදේශීය ලේකම් වාර්තාවක් මඟින් තොරතුරු ඉදිරිපත් කළ යුතු අතර, දරුවන් නොසලකා හැර ජීවත් වෙයිනම් ඒ පිළිබඳව ද ප්‍රාදේශීය ලේකම් වාර්තාවක් මාර්ගයෙන් තොරතුරු ඉදිරිපත් කළ යුතුය."
"නීත්‍යනුකූල විවාහයක් නොමැතිව වසර ගණනක් වෛවාහක ජීවිතයක් ගතකර ඇති අවස්ථාවන්හීදී සිදු කළ යුතුතේ කුමක්ද?","මෙවැනි අවස්ථාවන්වලදී ග්‍රාම නිලධාරි වාර්තා, මැතිවරණ උධෘත, ප්‍රභූ වාර්තා ආදිය යොදා ගනිමින් පරීක්ෂණයක් පවත්වා දායකයා හා කලත්‍රයා වසර ගණනාවක සිට වෛවාහක ජීවිතයක් ගතකර ඇති බවට කරුණු ඉදිරිපත් වන්නේනම් එකී ලේඛන හා කලත්‍රයා වෙත මරණ පාරිතෝෂික හිමිගැන්වීම නිර්දේශ කරන්නේද නැද්ද යන්නත් ප්‍රාදේශීය ලේකම් වාර්තාවක් මාර්ගයෙන් ඉදිරිපත් කළ යුතුය. ඒ අනුව, අදාළ කරුණු පරික්ෂා කර බලා ‍විශ්‍රාම වැටුප් දෙපාර්තමේන්තුව විසින් මෙම ගෙවීම් සිදු කරන්නේද යන්න සලකා බලනු ඇත."
"මරණ පාරිතෝෂික අයදුම්පතක් විශ්‍රාම වැටුප් දෙපාර්තමේන්තුව වෙත යොමු කිරීමෙන් පසු කළ යුත්තේ කුමක්ද?","දෛනිකව විශ්‍රාම වැටුප් දෙපාර්තමේන්තුව වෙත මරණ පාරිතෝෂික අයදුම්පත් විශාල ප්‍රමාණයක් ලැබෙන අතර යම් ආයතනයක් විසින් අයදුම්පත් යොමු කිරීමෙන් පසු අවම සතියකට වරක් හෝ පද්ධතිය හරහා එකී අයදුම්පතේ වර්තමාන තත්ත්වය පරික්ෂා කර බැලිය යුතුය. දින 14ක් අවසානයේ අයදුම්පත සම්බන්ධව ඉදිරි කටයුතු කිසිවක් සිදුවී නොමැතිනම් වහාම විශ්‍රාම වැටුප් දෙපාර්තමේන්තුව සම්බන්ධ කරගෙන ඒ පිළිබඳව විමසීම ආයතනය සතු වගකීමකි."
"මරණ පාරිතෝෂික අයදුම්පතක් අඩුපාඩු හේතුවෙන් ප්‍රතික්ෂේප වී ඇත්නම් සිදු කළ යුත්තේ කුමක්ද?","දත්ත පද්ධතිය හරහා පරික්ෂා කර බැලීමේදී අයදුම්පතක් ප්‍රතික්ෂේප වී ඇත්නම් එම ආයතනය විසින් අයදුම්පතේ ගැටලු නිරාකරණය සිදු කර PD5 අයදුම්පත, නිවැරදි කරන ලද සියලුම ලේඛන හා විශ්‍රාම වැටුප් දෙපාර්තමේන්තුව විසින් ඉල්ලා ඇති ලේඛන pd5@pensions.gov.lk යන විද්‍යුත් තැපැල් ලිපිනය වෙත පමණක් යොමු කළ යුතුය."
"වැන්දඹු/ වැන්දඹු පුරුෂ හා අනත්දරු විශ්‍රාම වැටුප් ක්‍රමය සඳහා පදනම් කරගන්නා මූලික නීතිය කුමක්ද?","වැන්දඹු හා අනත්දරු විශ්‍රාම වැටුප් ක්‍රමය සඳහා සලසා ඇති විධිවිධාන, 1898 අංක 1 දරන වැන්දඹු හා අනත්දරු විශ්‍රාම වැටුප් ආඥා පනත, 1981 අංක 44 දරන (සංශෝධන)පනත1998 අංක 57 දරන (සංශෝධන)පනත,2010 අංක 8 දරන වැන්දඹු හා අනත්දරු විශ්‍රාම වැටුප් අරමුදල් (සංශෝධන)පනත. වැන්දඹු පුරුෂ හා අනත්දරු විශ්‍රාම වැටුප් ක්‍රමය සඳහා සලසා ඇති විධිවිධාන,1983 අංක 24 දරන වැන්දඹු පුරුෂ හා අනත්දරු විශ්‍රාම වැටුප් පනත, 1985 අංක 19 දරන (සංශෝධන)පනත,1997 අංක 10 දරන (සංශෝධන)පනත,1998 අංක 56 දරන (සංශෝධන)පනත,1998 අංක 65 දරන (සංශෝධන)පනත,2001 අංක 02 දරන (සංශෝධන)පනත,2010 අංක 09 දරන (සංශෝධන)පනත "
"වැන්දඹු/ වැන්දඹු පුරුෂ හා අනත්දරු විශ්‍රාම වැටුප් ක්‍රමය ක්‍රියාත්මක වන්නේ කෙසේද?","1898 අංක 01 දරන වැන්දඹු හා අනත්දරු විශ්‍රාම වැටුප් ආඥා පන‍තේ 21 වන වගන්තිය අනුව විශ්‍රාම වැටුප් සහිත පත්වීමක් ලබා ඇති සෑම රජයේ නිලධාරියෙකුම ද,  1983 අංක 24 දරන වැන්දඹු පුරුෂ හා අනත්දරු විශ්‍රාම වැටුප් පනත අනුව 1983.08.01 දින හෝ ඊට පසුව විශ්‍රාම වැටුප් සහිත පත්වීම් ලබා ඇති සෑම රජයේ නිලධාරිනියක්ම ද වැන්දඹු/වැන්දඹු  පුරුෂ හා අනත්දරු විශ්‍රාම වැටුප් ක්‍රමයේ ලියාපදිංචි වීම අනිවාර්ය වේ."
"විශ්‍රාම වැටුප් රහිත පත්වීමක් ලබා ඇති පුද්ගලයෙකු හට වැන්දඹු/ වැන්දඹු පුරුෂ හා අනත්දරු විශ්‍රාම වැටුප් ක්‍රමය සඳහා දායක විය හැකිද?","නොහැක. නමුත් විශ්‍රාම වැටුප් රහිත පත්වීමක් ලබා ඇති පුද්ගලයෙකු හට විශ්‍රාම වැටුප් සහිත පත්වීමක් ලැබීමෙන් අනතුරුව මෙයට දායක විය හැකිය. ඒ සඳහා ඔහුගේ පෙර සේවා කාලය සඳහා ද වැන්දඹු හා අනත්දරු දායක මුදල් ගෙවා එම කාලය මෙයට ඒකාබද්ධ කළ යුතුවේ."
"වැන්දඹු/ වැන්දඹු  පුරුෂ හා අනත්දරු විශ්‍රාම වැටුප් ක්‍රමයේ සාමාජිකත්වය ලබාගන්නේ කෙසේද?","ස්ථිර හා විශ්‍රාම වැටුප් සහිත පත්වීමක් ලබා ඇති සෑම රජයේ නිලධාරියෙකුම හා නිලධාරිනියක්ම පත්වීම ලබා මාස 3ක් ඇතුලත වැන්දඹු අනත්දරු විශ්‍රාම වැටුප් ක්‍රමයේ සාමාජිකත්වය ලබාගත යුතුය. ඒ සඳහා වි.වැ.චක්‍රලේඛ අංක 2/2016 සංශෝධන (iii) හි සඳහන් පරිදි මාර්ගගත අයදුම් පත්‍රයක් යොමු කළ යුතුවේ. එසේම පළමු මාසික වේතනයේ සිට වැන්දඹු අනත්දරු දායක මුදල් අයකිරීම ද සිදුකළ යුතුය. ඊට අමතරව, විශ්‍රාමිකයා මියගිය පසුව සාමාජික අංකයක් නොමැතිනම්, ප්‍රාදේශීය ලේකම් කාර්යාලය මගින් තහවුරු කිරීමේ ලිපියක්, දායකයා අවසාන වරට සේවය කළ ආයතනය වෙත ඉදිරිපත් කිරීමෙන් අනතුරුව වි.වැ.චක්‍රලේඛ අංක 2/2016 ට අනුව එම ආයතනය මගින් මාර්ගගත ක්‍රමය ඔස්සේ අයදුම්පත් ඉදිරිපත් කිරීමෙන් අනතුරුව නව අංකයක් ලබාගත හැකිය.සේවයේ යෙදී සිටියදී මිය යන දායකයින් සඳහා ද වැන්දඹු/වැන්දඹු පුරුෂ හා අනත්දරු විශ්‍රාම වැටුප් ලබාගැනීම සඳහා ඉදිරිපත් වන අවස්ථාවේ දී අයදුම් පතෙහි සඳහන් අංකය හා වි.වැ.දෙපාර්තමේන්තුව සතු ලිපි ගොනුවෙහි සඳහන් අංකය එකිනෙකට පරස්පර වන අවස්ථාවන් සඳහා ද විශ්‍රාම වැටුප් චක්‍රලේඛ අංක 2/2016  ට අනුව දායකයා අවසාන වරට සේවය කළ  ආයතනය මගින් මාර්ගගත ක්‍රමය ඔස්සේ අයදුම්පත් ඉදිරිපත් කිරීමෙන් අනතුරුව නව අංකයක් ලබාගත හැක. 2016 ට පෙර විශ්‍රාම ගිය නිලධාරීන් හට සාමාජික අංකයක් නොමැති බව අනාවරණය වුයේ නම් අවසාන වරට සේවය කළ ආයතනයේ පෞද්ගලික ලිපි ගොනුවට අනුව නව අංකයක් සදහා ආයතනය මගින් මාර්ගගත ක්‍රමය ඔස්සේ අයදුම්පත් ඉදිරිපත් කිරීමෙන් අනතුරුව අංකයක් ලබාගත හැක. මිට අමතරව ගුරුවරුන් හා පළාත් පාලන සේවයෙහි නිලධාරීන් හා නිලධාරිනියන් හට ලබා දී ඇති වැ.අ. හෝ වැ.පු.අ. අංකය වැ.අ.වි.වැ. චක්‍රලේඛ අංක 6/2015(1)හි 8.1 – (vi)ඡේදය ට අනුව තව දුරටත් වලංගු බව දැනුම් දී ඇති අතර, නව නිලධාරීන් හා නිලධාරිනියන් හට වි.වැ.චක්‍රලේඛ අංක 2/2016  ට අනුව තම ආයතනය මගින් මාර්ගගත ක්‍රමය ඔස්සේ අයදුම්පත් ඉදිරිපත් කිරීමෙන් අනතුරුව  අංකයක් ලබාගත හැක."
"වැන්දඹු/ වැන්දඹු  පුරුෂ හා අනත්දරු විශ්‍රාම වැටුප් ක්‍රමයේ සාමාජිකත්වය ලබාගැනීමේදී උඩුගත (upload) කළ යුතු ප්‍රධාන ලියවිලි මොනවාද?","නිවැරදිව දත්ත ඇතුලත් කරන ලද අයදුම්පත්‍රය(data sheet),විශ්‍රාම වැටුප් සහිත පත්වීම් ලිපිය,ජාතික හැදුනුම්පත,විශ්‍රාම වැටුප් සහිත පත්වීම් ලිපිය සහ ජාතික හැදුනුම්පත අනුව සාමාජිකයාගේ නමෙහි හෝ නම් වල වෙනසක් තිබේ නම්, සංශෝධිත පත්වීම් ලිපිය හෝ 13 වන තීරය යටතේ නම වෙනස් කරන ලද උප්පැන්න සහතිකය.,විශ්‍රාම වැටුප් සහිත පත්වීම් ලිපිය පෙරදාතම් කර තිබේ නම් මුල් පත්වීම් දින සිට වැන්දඹු හා අනත්දරු අරමුදල සඳහා දායක මුදල් නිසි පරිදි අය කර තිබෙන බවට අදාල ආයතනයේ ගණකාධිකාරීගේ සහතිකයක්."
"සේවයේ යෙදී සිටිය දී මියයන නිලධාරියෙකු හට වැන්දඹු අනත්දරු විශ්‍රාම වැටුප් හිමිගැන්වීම සලකා බලනුයේ කුමන පාර්ශවයක් මගින් ද?","විශ්‍රාම වැටුප් ගෙවීම සම්බන්ධයෙන් වන විශ්‍රාම වැටුප් චක්‍රලේඛ අංක 3/2020 හි 09 වන වගන්තිය පරිදි නිලධාරියා සේවය කළ ආයතනය මගින් ඒ හා සම්බන්ධව කටයුතු කළ යුතුය."
"මෙහිදී ආයතනය යනුවෙන් හදුන්වන්නේ කුමක් ද?","මෙහිදී ආයතනය ලෙස සලකනුයේ සේවකයා අවසාන වරට සේවය කළ සේවා ස්ථානය හෝ කාර්යාලයයි."
"වැන්දඹු /වැන්දඹු පුරුෂ හා අනත්දරු විශ්‍රාම වැටුප් හිමිගැන්වීම සඳහා සම්පූර්ණ කළ යුතු අවශ්‍යතා මොනවාද?","කලත්‍රයා සමඟ නීත්‍යනුකූල ව විවාහ වී සිටීම.,වැන්දඹු /වැන්දඹු පුරුෂ හා අනත්දරු විශ්‍රාම වැටුප් අංකයක් ලබාගෙන තිබීම.,වැන්දඹු /වැන්දඹු පුරුෂ හා අනත්දරු විශ්‍රාම වැටුප් ක්‍රමයෙහි දායකත්වයෙන් ඉවත් වීමට පෙර නැතහොත් දායක මුදල් අයකිරීම නතර වීමට පෙරාතුව නීත්‍යනුකූලව විවාහ වී සිටීම. එසේ සිදුකරගන්නා විවාහය, වැන්දඹු /වැන්දඹු පුරුෂ හා අනත්දරු විශ්‍රාම වැටුප් ලබාගැනීමේ අභිලාශයෙන්ම සිදුකරගන්නා ලද්දක් නොවිය යුතු වීම."
"වැන්දඹු/ වැන්දඹු පුරුෂ හා අනත්දරු විශ්‍රාම වැටුප යනු කුමක්ද?","රජයේ සේවයේ යෙදී සිටින  නිලධාරීන්/ නිලධාරිණියන් සේවා කාලය තුළ හෝ විශ්‍රාම ගොස් සිටිය දී මියයාම හේතුවෙන් කලත්‍රයා හා අනත්දරුවන් ‍වෙත ගෙවනු ලබන වැටුප ය."
"අනත්දරු විශ්‍රාම වැටුප යනු කුමක්ද?","රජයේ නිලධාරියෙකු/ නිලධාරිනියක හෝ විශ්‍රාමිකයෙකු/ විශ්‍රාමිකාවක සහ ඔහුගේ/ ඇයගේ කලත්‍රයාගේ මියයාමෙන් පසු හෝ නැවත විවාහ වීමෙන් පසු, එම දායකයාට හෝ දායිකාවට දාව උපන් අවු.26 ට අඩු රැකියා විරහිත දරුවන් වෙත ගෙවීම් කරනු ලබනුයේ අනත්දරු විශ්‍රාම වැටුප ය."
"ආබාධිත අනත්දරු විශ්‍රාම වැටුප යනු කුමක්ද?","උපතින් ම හෝ අවු.26 ට පෙර ස්වකීය ජීවනෝපාය සලසා ගැනීමට නොහැකි තත්ත්වයෙන් මානසික හෝ ශාරීරික වශයෙන් ආබාධිත තත්ත්වයට පත් වූ දායකයාගේ/ දායිකාවගේ සුජාත දරුවන් වෙත දායකයා/ දායිකාව සහ ඔහු/ ඇයගේ කලත්‍රයාගේ මියයාමෙන් පසු ගෙවනු ලබන විශ්‍රාම වැටුප, ආබාධිත අනත්දරු විශ්‍රාම වැටුප ‍ය‍."
"මිය ගිය අයෙකු වෙනුවෙන් වැන්දඹු/ වැන්දඹු පුරුෂ විශ්‍රාම වැටුප ලබා ගැනීම සඳහා අයදුම් කිරීම සිදුකළ යුත්තේ කුමක්ද?","රජයේ සේවයේ යෙදී සිටින අතරතුර යම් අයෙකු මිය යාමෙන් පසු වැන්දඹු/ වැන්දඹු පුරුෂ විශ්‍රාම වැටුප ලබා ගැනීම සඳහා, මිය ගිය තැතැත්තා අවසන් වරට සේවය කළ ආයතනය මඟින් ද විශ්‍රාම ගොස් සිටිය දී මියගියේ නම් අවසන් වරට විශ්‍රාම වැටුප ලබා ගත් ප්‍රාදේශීය ලේකම් කාර්යාලය හරහා ද විශ්‍රාම වැටුප් දෙපාර්තමේන්තුව වෙත අයදුම්පත් ඉදිරිපත් කළ යුතු බැවින් වහාම අදාළ ආයතනයේ අදාළ විෂය නිලධාරීන් හමු වී කරුණු සාකච්ඡා කර අවශ්‍ය ලේඛන භාරදිය යුතුය."
"වැන්දඹු/ වැන්දඹු පුරුෂ විශ්‍රාම වැටුප සඳහා අයදුම් කිරීම සම්බන්ධයෙන් තොරතුරු සම්පූර්ණ කිරීමේදී දායකයා ලෙස හඳුන්වන්නේ කවුරුන්ද?","රජයේ සේවයේ ස්ථිර හා විශ්‍රාම වැටුප් හිමි තනතුරක සේවය කිරීම සඳහා පත්වීමක් ලබා ගත්, වැන්දඹු හා අනත්දරු අරමුදලේ සාමාජිකත්වය ලබා ගැනීම සඳහා හිමිකම් පවතින නිලධාරීන්/ නිලධාරිණියන්, දායකයා ලෙස හඳුන්වනු ලබයි."
"විශ්‍රාම යාමෙන් පසු සිදුවන විවාහ සඳහා හිමිකමක් පවතී ද?","විශ්‍රාම වැටුප් ව්‍යවස්ථා සංග්‍රහයේ 2:7 වගන්තිය අනුව තනතුර අහෝසි කිරීම මත විශ්‍රාම ගන්වන ලද නිලධාරීන් වයස අවු.55 දක්වා සිදු කළ විවාහයන් පදනම් කොට ගෙන වැන්දඹු/වැන්දඹු පුරුෂ හා අනත්දරු විශ්‍රාම වැටුප් හිමිකම ලබා දිය හැකිය.අනෙකුත් අවස්ථාවලදී විශ්‍රාම ගැන්වීමෙන් පසුව හා වැන්දඹු හා අනත්දරු විශ්‍රාම වැටුප් ක්‍රමයට ඇති දායකත්වයෙන් ඉවත් වීමෙන් පසුව සිදුවන විවාහවල වැන්දඹුවන් හා අනත්දරුවන්ට හිමිකමක් නොමැත."
"වැන්දඹුව/ වැන්දඹු පුරුෂයා මියගිය පසු අනත්දරුවන් හට කොපමණ කාලයක් වැන්දඹු අනත්දරු විශ්‍රාම වැටුප හිමිගන්වන්නේද?","විශ්‍රාම වැටුප් 1998 අංක 64 දරන පනතින්, මුල් පනතේ 29 වන වගන්තිය සංශෝධනය කර වයස අවු.26ට අඩු රැකියා විරහිත අනත්දරුවන් සඳහා විවාහය නොසලකා අනත්දරු විශ්‍රාම වැටුප හිමිගන්වයි.,අවු.26 සම්පූර්ණ වීමට පෙර අනත්දරුවා රැකියාවක නිරත වූවේ නම් එම රැකියාව ආරම්භ කළ දින සිට අනත්දරු හිමිකම අවලංගු ‍වේ."
"වැන්දඹු/ වැන්දඹු පුරුෂ විශ්‍රාම වැටුප ගෙවනු ලබන්නේ කවුරුන් උදෙසාද?","රජයේ සේවයේ යෙදී සිටින  නිලධාරීන්/ නිලධාරිණියන් සේවා කාලය තුළ හෝ විශ්‍රාම ගොස් සිටිය දී මියයාම හේතුවෙන් කලත්‍රයා හා අනත්දරුවන් ‍වෙත ගෙවනු ලබන වැටුපය."
"වැන්දඹු/ වැන්දඹු පුරුෂ විශ්‍රාම වැටුප සඳහා අයදුම්පත් යොමු කිරීම සම්බන්ධව උපදෙස් ලබා දී ඇති චක්‍රලේඛ මොනවාද?","විශ්‍රාම වැටුප් චක්‍රලේඛ අංක 06/2015, 06/2015 (I),විශ්‍රාම වැටුප් චක්‍රලේඛ අංක 03/2020 යන චක්‍රලේඛ,විශ්‍රාම වැටුප් චක්‍ර‍ලේඛ අංක 3/2008 (සංශෝධන I) – (හිඟ දායක මුදල් අය කිරීම පිළිබඳ උපදෙස්)"
"වැන්දඹු/ වැන්දඹු පුරුෂ විශ්‍රාම වැටුප හිමිගැන්වීමේදී පාර්ශව ලෙස අර්ථ දක්වන්නේ කවුරුන්ද?","මියගිය නිලධාරියා/නිලධාරිණිය විවාහක නම්, නීත්‍යනුකූල කලත්‍රයා, කලත්‍රයා ඡීවතුන් අතර නොමැති නම් අවු.26ට අඩු රැකියා විරහිත දරුවන්, කුලවද්දවා ගත් දරුවන් ( නීත්‍යනුකූල ලෙස ලියාපදිංචි කර හදා වඩාගත් දරුවන්)"
"වැන්දඹු/ වැන්දඹු පුරුෂ විශ්‍රාම වැටුප් ගෙවීම් කිරීමේ ක්‍රමවේදය කුමක්ද?","විශ්‍රාම වැටුප් චක්‍රලේඛ 06/2015,06/2015 (i) හා විශ්‍රාම වැටුප් චක්‍රලේඛ අංක 03/2020 හි සඳහන් ආකාරයට මේ වන විට වැන්දඹු/ වැන්දඹු පුරුෂ විශ්‍රාම වැටුප් ගෙවීම් කටයුතු සිදු කරනු ලබයි."
"වැන්දඹු/ වැන්දඹු පුරුෂ විශ්‍රාම වැටුප් අයදුම්පත සමඟ ඉදිරිපත් කළ යුතු අනිකුත් පොදු  ලේඛන මොනවාද? ","මිය ගිය නිලධාරියාගේ,මරණ සහතිකයේ මුල් පිටපත,විවාහ සහතිකය,උප්පැන්න සහතිකයේ මුල් පිටපත,ජාතික හැඳුනුම්පතේ සහතික කළ පිටපතක්,චර්යා සටහනේ සහතික කළ පිටපතක් - නිලධාරියාගේ මුල් පත්වීමේ දින සිට මිය ගිය දිනය දක්වා සියලුම වර්ෂ හා තොරතුරු ඇතුළත් කර සම්පූර්ණ කරන ලද චර්යා සටහන ඉදිරිපත් කළ යුතු අතර අසම්පූර්ණ චර්යා සටහන් සහිත අයදුම්පත් ප්‍රතික්ෂේප කිරීමට සිදු වනු ඇත.,පත්වීමේ ලිපියේ සහතික කළ පිටපතක්,සේවා කඩවීම් ඇත්නම් ඒ පිළිබඳ තොරතුරු හා සේවා කඩවීම් පැවති කාලසීමා සඳහා වැන්දඹු හා අනත්දරු දායක මුදල් අය කළ බවට තහවුරුවක්.,කලත්‍රයා/ අනත්දරුවන්ගේ උප්පැන්න සහතික හා බැංකු ගිණුම් පොත්වල සහතික කළ පිටපත්.,මාර්ගගත නොවන ආකාරයට අයදුම්පත ඉදිරිපත් කරයි නම් විශ්‍රාම වැටුප් චක්‍රලේඛ 06/2015,06/2015 (i) ට අනුව සකස් කරන ලද PD - 04 අයදුම්පත ( වැන්දඹු හා අනත්දරු අයදුම්පත)  සහ අදාළ ලේඛන,පත්වීම පෙරදාතම් කර තිබේ නම් එම පෙරදාතම් කරන ලද කාලසීමාව සඳහා වැන්දඹු අනත්දරු දායක මුදල් අය කර තිබේද යන්න තහවුරුවක්"
"නිලධාරියාට / නිලධාරිණියට හෝ කලත්‍රයාට විවාහයන් කීපයක් තිබී ඇති අවස්ථාවන්වලදී සිදු කළ යුත්තේ කුමක්ද?","එම එක් එක් විවාහයන්ට අදාල විවාහ සහතිකවල සහතික කළ පිටපත්, දික්කසාද නියත තීන්දු ප්‍රකාශයන් හෝ (උසාවි රෙජිස්ට්‍රාර් විසින් සහතික කළ) පෙර විවාහයේ කලත්‍රයාගේ මරණ සහතික ඉදිරිපත් කළ යුතුය.,පෙර විවාහවල දරුවන් පිළිබඳ තොරතුරු ඉදිරිපත් කළ යුතුය."
"වැන්දඹු/ වැන්දඹු පුරුෂ විශ්‍රාම වැටුප් හිමිගැන්වීමේදී දායකයාගේ නමෙහි වෙනස්කම් පවතින විට සිදුකළ යුත්තේ කුමක්ද? ","විශ්‍රාම වැටුප් චක්‍රලේඛ අංක 03/2021 හි 5.1 වගන්තිය හා විශ්‍රාම වැටුප් චක්‍රලේඛ අංක 3/2020 හි උපදෙස් අංක 2 හි 6 වන වගන්තිය අනුව කටයුතු කරන්න."
"වැන්දඹුව නැවත විවාහ වූ විට වැන්දඹු විශ්‍රාම වැටුපෙන් 50% ගෙවීම් කිරීමේ දී අවධානය යොමු කළ යුතු කරුණු මොනවාද?","1997.01.01 දිනට ප්‍රථම විශ්‍රාම ගිය පිරිස් සඳහා විශ්‍රාම වැටුප් චක්‍රලේඛ අංක 6/2004 අනුව විෂමතා ඉවත් කළ යුතු අතර, එවැනි වැන්දඹුවන්/වැන්දඹු පුරුෂයන් සඳහා 50% වැටුප ගෙවීමේ දී එම සංශෝධිත වැටුපින් 50%ක් ගෙවීම් කළ යුතුය.,වැන්දඹුව හෝ වැන්දඹු පුරුෂයා වර්තමානයේ දී රජයේ රැකියාවක නිරත වන්නේ ද යන්න ග්‍රාම නිලධාරි මඟින් සනාථ කරගත යුතුය. එසේ  වී නම් වැන්දඹු විශ්‍රාම වැටුප සමඟ ජීවන වියදම් දීමනාව ගෙවීම අත්හිටුවිය යුතුය. මේ වන විට ගෙවා තිබේ නම් එකී මුදල් ආපසු අයකරගත යුතුය.,නැවත විවාහ වු වැන්දඹුවගේ/ වැන්දඹු පුරුෂයාගේ ඉල්ලීම සමඟ සම්පුර්ණ ලිපිගොනුවම අදාළ නිර්දේශ හා ලිපි ලේඛණ සමඟ මෙම දෙපාර්තමේන්තුවට යොමු කළ යුතුය. එම ගොනු සඳහා ප්‍රදානය නිකුත් කිරීම සිදු කරනු ඇත."
"සේවයේ යෙදී සිටියදී මියගිය නිලධාරියෙකු/ නිලධාරිණියක වෙනුවෙන් හිමිගන්වනු ලබන ප්‍රතිලාභයන් මොනවාද?","දළ සේවා කාලය මාස 60 ට වැඩි නම් නීත්‍යනුකූල කලත්‍රයා සහ අවිවාහක, රැකියා විරහිත දරුවන් වෙත මරණ පාරිතෝෂිකය ගෙවීම.කලත්‍රයා වෙත වැන්දඹු/ වැන්දඹු පුරුෂ විශ්‍රාම වැටුප හෝ කලත්‍රයා මියගොස් ඇත්නම් අවු.26 ට අඩු රැකියා විරහිත දරුවන් වෙත අනත්දරු විශ්‍රාම වැටුප් හෝ ආබාධිත අනත්දරුවන් සිටීනම් ඔවුන් වෙත ආබාධිත අනත්දරු විශ්‍රාම වැටුප් ගෙවීම."
"විශ්‍රාමික ව සිටිය දී මියගිය නිලධාරියෙකු/ නිලධාරිණියක වෙනුවෙන් හිමිගන්වනු ලබන ප්‍රතිලාභයන් මොනවාද?","කලත්‍රයා වෙත වැන්දඹු/ වැන්දඹු පුරුෂ විශ්‍රාම වැටුප හෝ කලත්‍රයා මියගොස් ඇත්නම් අවු.26 ට අඩු රැකියා විරහිත දරුවන් වෙත අනත්දරු විශ්‍රාම වැටුප් හෝ ආබාධිත අනත්දරුවන් සිටීනම් ඔවුන් වෙත ආබාධිත අනත්දරු විශ්‍රාම වැටුප් ගෙවීම."
"විශ්‍රාම ලබා එහෙත් විශ්‍රාම වැටුප් ලබා ගැනීමට ප්‍රථම මියගිය නිලධාරියෙකු/ නිලධාරිණියක වෙනුවෙන් හිමිගන්වනු ලබන ප්‍රතිලාභ මොනවාද?","උරුමකරුවන් වෙත උරුමකරු ගෙවීම් සිදු කිරීම දෙපාර්තමේන්තුවේ මධ්‍යගත විශ්‍රාම වැටුප් අංශයෙන් සිදු කරන අතර, එම ගෙවීම සිදු කර අවසන් වූ පසුව කලත්‍රයා/ අනත්දරුවන් වෙත ප්‍රතිලාභ හිමිගැන්වීම වැන්දඹු අනත්දරු විශ්‍රාම වැටුප් අංශයෙන් සිදු කරනු ලබයි."
"වැන්දඹු/ වැන්දඹු පුරුෂ විශ්‍රාම වැටුප් හිමිගැන්වීම පිළිබඳව හෝ ඒ සම්බන්ධ යම් ගැටලුවක් පැන නගින වෙනත් අවස්ථාවකදී කළ යුතුතේ කුමක්ද? ","වැන්දඹු හා අනත්දරු විශ්‍රාම වැටුප් අංශය හා දුරකතන මාර්ගයෙන් සම්බන්ධ වීම,1970 යන අංකය‍ට දුරකථන ඇමතුමක් ලබා දීමෙන් වර්තමාන ක්‍රියාවලිය පිළිබඳ තොරතුරු දැනගැනීම,wop@pensions.gov.lk"
"දායකයා මිය යාමෙන් පසු කලත්‍රයා වෙනත් විවාහයක් සිදු කරගෙන ඇත්නම්","දායකයා මිය යාමෙන් පසු කලත්‍රයා වෙනත් අයෙකු සමඟ ජීවත් වන්නේනම් ඔවුන් නීත්‍යනුකූලව විවාහ වී ඇත්ද යන්න සොයා බලා අදාළ ලේඛන මඟින් හෝ කරුණු පරික්ෂා කර බලා ප්‍රාදේශීය ලේකම් වාර්තාවක් මඟින් තොරතුරු ඉදිරිපත් කළ යුතුය."
"වෙනත් අයෙකු සමඟ වෛවාහක ජීවිතයක් ගත කරන්නේ නම් දරුවන් නොසළකා හැර සිටි විට","දරුවන් නොසළකා හැර ජීවත් වෙයිනම් ඒ පිළිබඳවද ප්‍රාදේශීය ලේකම් වාර්තාවක් මාර්ගයෙන් තොරතුරු ඉදිරිපත් කළ යුතුය."
